chitchat	0 加 0 等于 几	0 加 0 等于 多少	0 加 0 等于 几	0 加 0 等于 多少
chitchat	0 加 0 等于 几	0 加 0 等于 几	0 加 0 等于 几	0 加 0 等于 几
chitchat	0 加 0 等于 几	0 加 0 等于 几 啊	0 加 0 等于 几	0 加 0 等于 几 啊
chitchat	0 加 0 等于 几	0 加 0 等于 几	0 加 0 等于 几	0 加 0 等于 几
chitchat	000 的 平方根	000 的 平方根	000 的 平方根	000 的 平方根
chitchat	Can   You   Speak   Chinese  	Can   You   Speak   Chinese  	Can   You   Speak   Chinese  	Can   You   Speak   Chinese  
chitchat	你 好	Hello	你 好	Hello
chitchat	你 好	嗯 你 好	你 好	嗯 你 好
chitchat	你 好	喂 你 好	你 好	喂 你 好
chitchat	你 好	Hi	你 好	Hi
chitchat	你 好	喂喂	你 好	喂 喂
chitchat	你 好	喂喂 喂	你 好	喂 喂 喂
chitchat	你 好	好	你 好	好
chitchat	你 好	你 好 你 好	你 好	你 好 你 好
chitchat	你 好	您 好	你 好	您 好
chitchat	你 好	呃 你 好	你 好	呃 你 好
chitchat	你 好	喂喂 喂喂	你 好	喂 喂 喂 喂
chitchat	你 好	喂 你 好喂 你 好	你 好	喂 你 好 喂 你 好
chitchat	你 好	嗯 ， 你 好	你 好	嗯 ， 你 好
chitchat	你 好	Hello   这个 怎么 玩	你 好	Hello   这 个 怎么 玩
chitchat	你 好	嗨	你 好	嗨
chitchat	你 好	早上 好	你 好	早上 好
chitchat	你 好	你 好 ， 你 好	你 好	你 好 ， 你 好
chitchat	你 好	喂 ， 你 好	你 好	喂 ， 你 好
chitchat	你 好	Hello   雷好 啊	你 好	Hello   雷 好 啊
chitchat	你 好	Hello   ， 为	你 好	Hello   ， 为
chitchat	你 好	你 好 啊 ， 啊 你 好	你 好	你 好 啊 ， 啊 你 好
chitchat	你 好	你 好 一 T	你 好	你 好 一 T
chitchat	你 好	Et   早上 好	你 好	Et   早上 好
chitchat	你 好	ET 你 好	你 好	ET 你 好
chitchat	退出	退出 吧	退出	退出 吧
chitchat	退出	呃退 出	退出	呃 退 出
chitchat	退出	嗯 退出	退出	嗯 退出
chitchat	退出	关机	退出	关机
chitchat	退出	重启	退出	重启
chitchat	退出	呃 推出	退出	呃 推出
chitchat	退出	A ， 退出	退出	A ， 退出
chitchat	拍照	拍 张照 吧	拍照 拍 照	拍 张 照 吧
chitchat	拍照	啊 我 想 拍 张 照片	拍照 拍 照	啊 我 想 拍 张 照片
chitchat	拍照	为 我 拍照	拍照 拍 照	为 我 拍照 拍 照
chitchat	拍照	拍照 吧	拍照 拍 照	拍照 拍 照 吧
chitchat	拍照	照相	拍照 拍 照	照相
chitchat	拍照	给 我 拍 个 照片	拍照 拍 照	给 我 拍 个 照片
chitchat	拍照	给 我 拍 张照 吧	拍照 拍 照	给 我 拍 张 照 吧
chitchat	拍照	拍 个 照	拍照 拍 照	拍 个 照
chitchat	拍照	拍 张 照片	拍照 拍 照	拍 张 照片
chitchat	拍照	我 帮 我 拍照	拍照 拍 照	我 帮 我 拍照 拍 照
chitchat	方言	方言 听 得 懂 吗	方言	方言 听 得 懂 吗
chitchat	方言	杭州 话 会 讲 吗	方言	杭州 杭 话 会 讲 吗
chitchat	方言	方言 ， 方言 识别 ， 识别	方言	方言 ， 方言 识别 ， 识别
chitchat	方言	放眼 ， 方言 听 得 懂 吗用 的 多 吗	方言	放眼 ， 方言 听 得 懂 吗 用 的 多 吗
chitchat	方言	你 对方 言 你 对方 言 识别	方言	你 对方 言 你 对方 言 识别
chitchat	方言	你 能 听懂 杭州 以外 的 方言 吗	方言	你 能 听 懂 杭州 杭 以外 的 方言 吗
chitchat	再见	不 跟 你 玩 了 拜拜	再见	不 跟 你 玩 了 拜拜
chitchat	再见	剑 ， 的 剑再见 ， 再见 再见 再见 再见	再见	剑 ， 的 剑 再 见 ， 再见 再见 再见 再见
chitchat	谢谢	谢谢 啊 不 好 意思 麻烦 你 了	谢谢	谢谢 啊 不 好 意思 麻烦 你 了
chitchat	谢谢	非常 高兴 认识 你	谢谢	非常 高兴 认识 你
chitchat	几 点 了	几 点 了	几 点 了	几 点 了
chitchat	你 是 谁	自我 介绍 一下	你 是 谁	自我 介绍 一下
chitchat	你 是 谁	你 叫 什么 名字	你 是 谁	你 叫 什么 名字 名
chitchat	你 是 谁	你 是 谁 呀	你 是 谁	你 是 谁 呀
chitchat	你 是 谁	你 是 谁 啊	你 是 谁	你 是 谁 啊
chitchat	你 是 谁	你 叫 什么 名字 啊	你 是 谁	你 叫 什么 名字 名 啊
chitchat	你 是 谁	你 叫 什么	你 是 谁	你 叫 什么
chitchat	你 是 谁	嗯 你 是 谁	你 是 谁	嗯 你 是 谁
chitchat	你 是 谁	介绍 一下 你 自己	你 是 谁	介绍 一下 你 自己 自
chitchat	你 是 谁	你 叫 什么 名字 呀	你 是 谁	你 叫 什么 名字 名 呀
chitchat	你 是 谁	嗯 你 好 请 问 你 叫 什么 名字	你 是 谁	嗯 你 好 请 问 你 叫 什么 名字 名
chitchat	你 是 谁	好 吧 你 是 谁 呀	你 是 谁	好 吧 你 是 谁 呀
chitchat	你 是 谁	喂 你 好 你 是 谁	你 是 谁	喂 你 好 你 是 谁
chitchat	你 是 谁	你 的 名字 叫 什么 呀 嗯	你 是 谁	你 的 名字 名 叫 什么 呀 嗯
chitchat	你 是 谁	你 叫 什么 名	你 是 谁	你 叫 什么 名
chitchat	你 是 谁	你 是 谁 是 谁	你 是 谁	你 是 谁 是 谁
chitchat	你 是 谁	请 问 你 家 ， 请问 您 叫 什么 名字	你 是 谁	请 问 你 家 ， 请问 您 叫 什么 名字 名
chitchat	你 是 谁	你 可以 做 什么 呀	你 是 谁	你 可以 做 什么 呀
chitchat	你 是 谁	你 好 你 叫 什么 名字	你 是 谁	你 好 你 叫 什么 名字 名
chitchat	你 是 谁	那 你 叫 什么 名字	你 是 谁	那 你 叫 什么 名字 名
chitchat	你 是 谁	叫 什么 名字	你 是 谁	叫 什么 名字 名
chitchat	你 是 谁	你 好 你 叫 什么 名字 啊	你 是 谁	你 好 你 叫 什么 名字 名 啊
chitchat	你 是 谁	你 的 姓氏 吗	你 是 谁	你 的 姓氏 吗
chitchat	你 好 吗	你 今天 心情 好 吗	你 好 吗	你 今天 心情 好 吗
chitchat	你 好 吗	你 今天 心情 怎么样 呢	你 好 吗	你 今天 心情 怎么 样 呢
chitchat	聪明 啊	还 不错 ， 挺 聪明 的	聪明 啊	还 不错 ， 挺 聪明 的
chitchat	聪明 啊	讲 的 不错	聪明 啊	讲 的 不错
chitchat	聪明 啊	你 挺 聪明 的 嘛	聪明 啊	你 挺 聪明 的 嘛
chitchat	聪明 啊	谢谢 你 你 真的 很 智能	聪明 啊	谢谢 你 你 真 的 很 智能
chitchat	对于 一 T 二 是 外星人 的 意思 吧	对于 一 T 二 是 外星人 的 意思 吧	对于 一 T 二 是 外星 人 的 意思 吧	对于 一 T 二 是 外星 人 的 意思 吧
chitchat	你 多 大 了	你 几 岁 啦	你 多 大 了	你 几 岁 啦
chitchat	你 多 大 了	你 几 岁 了	你 多 大 了	你 几 岁 了
chitchat	你 多 大 了	你 多少 岁 了	你 多 大 了	你 多少 岁 了
chitchat	你 多 大 了	你 今年 多 大 了	你 多 大 了	你 今年 多 大 了
chitchat	你 多 大 了	多 大 岁数 了	你 多 大 了	多 大 岁数 了
chitchat	你 多 大 了	你 几 岁 了 今年	你 多 大 了	你 几 岁 了 今年
chitchat	你 多 大 了	你 几 岁 啊	你 多 大 了	你 几 岁 啊
chitchat	你 多 大 了	你 现在 几 岁 了 ， 你 现在 多 大 了	你 多 大 了	你 现在 几 岁 了 ， 你 现在 多 大 了
chitchat	你 多 大 了	那 我 先 问 你 你 几 岁 了	你 多 大 了	那 我 先 问 你 你 几 岁 了
chitchat	你 多 大 了	你 今年 多 大 年龄 吗	你 多 大 了	你 今年 多 大 年龄 吗
chitchat	你 多 大 了	你 的 生日 是 什么 时候	你 多 大 了	你 的 生日 是 什么 时候
chitchat	你 多 大 了	你 诞生 于 几年	你 多 大 了	你 诞生 于 几 年
chitchat	你 多 大 了	你 的 出生 年月 是 什么 时候	你 多 大 了	你 的 出生 生 年月 是 什么 时候
chitchat	播放 音乐	来 一 首 歌	播放 播 放 音乐 乐	来 一 首 歌
chitchat	播放 音乐	我 要 听 音乐	播放 播 放 音乐 乐	我 要 听 音乐 乐
chitchat	播放 音乐	播放 首 歌曲 吧	播放 播 放 音乐 乐	播放 播 放 首 歌曲 歌 曲 吧
chitchat	播放 音乐	张学友 的 歌	播放 播 放 音乐 乐	张学友 学友 的 歌
chitchat	播放 音乐	刘德华 的 歌	播放 播 放 音乐 乐	刘德华 德华 的 歌
chitchat	播放 音乐	我 想 听 Tfboys 的 歌	播放 播 放 音乐 乐	我 想 听 Tfboys 的 歌
chitchat	播放 音乐	张惠妹 的 歌	播放 播 放 音乐 乐	张惠妹 的 歌
chitchat	播放 音乐	梁静茹 的 歌	播放 播 放 音乐 乐	梁静茹 的 歌
chitchat	播放 音乐	放 一 首 陈奕迅 的 歌	播放 播 放 音乐 乐	放 一 首 陈奕迅 的 歌
chitchat	播放 音乐	帮 我 推荐 一 首 歌 吧	播放 播 放 音乐 乐	帮 我 推荐 荐 一 首 歌 吧
chitchat	播放 音乐	王菲 的 歌	播放 播 放 音乐 乐	王菲 的 歌
chitchat	播放 音乐	我 想 听 一 首 张学友 的 歌	播放 播 放 音乐 乐	我 想 听 一 首 张学友 学友 的 歌
chitchat	播放 音乐	我 要 听陈奕迅 的 歌	播放 播 放 音乐 乐	我 要 听 陈 奕 迅 的 歌
chitchat	播放 音乐	播放 一 首 歌曲	播放 播 放 音乐 乐	播放 播 放 一 首 歌曲 歌 曲
chitchat	播放 音乐	我 要 听 首歌	播放 播 放 音乐 乐	我 要 听 首 歌
chitchat	播放 音乐	来 首 音乐 吧	播放 播 放 音乐 乐	来 首 音乐 乐 吧
chitchat	播放 音乐	播放 一 首 歌	播放 播 放 音乐 乐	播放 播 放 一 首 歌
chitchat	播放 音乐	唱 一 首 刘若英 的 歌 吧	播放 播 放 音乐 乐	唱 一 首 刘若英 的 歌 吧
chitchat	播放 音乐	给 我 来 一 首 邓丽君 的 歌	播放 播 放 音乐 乐	给 我 来 一 首 邓丽君 的 歌
chitchat	播放 音乐	呃 你 给 我播 首 歌 好 吗	播放 播 放 音乐 乐	呃 你 给 我 播 首 歌 好 吗
chitchat	播放 音乐	我 今天 心情 不错 给 我 播首 歌 呗	播放 播 放 音乐 乐	我 今天 心情 不错 给 我 播 首 歌 呗
chitchat	播放 音乐	播放 首 音乐 吧	播放 播 放 音乐 乐	播放 播 放 首 音乐 乐 吧
chitchat	播放 音乐	嗯帮 我 播放 音乐 好久 不 见	播放 播 放 音乐 乐	嗯 帮 我 播放 播 放 音乐 乐 好久 不 见
chitchat	播放 音乐	睡觉 用 的 歌曲	播放 播 放 音乐 乐	睡觉 睡 用 的 歌曲 歌 曲
chitchat	再 讲 一 遍	再 讲 一 遍	再 讲 一 遍	再 讲 一 遍
chitchat	你 在 干嘛	你 在 干嘛	你 在 干 嘛	你 在 干 嘛
chitchat	卖萌 可耻	卖萌 可耻	卖 萌 可耻	卖 萌 可耻
chitchat	我 漂亮 吗	我 漂亮 吗	我 漂亮 漂 吗	我 漂亮 漂 吗
chitchat	取 个 名字	取 个 名字	取 个 名字 名	取 个 名字 名
chitchat	成语 接龙	成语 接龙	成语 接龙	成语 接龙
chitchat	你 好傻 呀	你 是 不 是 傻	你 好 傻 呀	你 是 不 是 傻
chitchat	你 好傻 呀	你 真蠢	你 好 傻 呀	你 真 蠢
chitchat	你 好傻 呀	智商 不 够 高 啊	你 好 傻 呀	智商 不 够 高 啊
chitchat	唱 首 歌 吧	给 我 唱首 歌 吧	唱 首 歌 吧	给 我 唱 首 歌 吧
chitchat	唱 首 歌 吧	你 会 唱歌 吗	唱 首 歌 吧	你 会 唱歌 唱 歌 吗
chitchat	唱 首 歌 吧	唱 首歌	唱 首 歌 吧	唱 首 歌
chitchat	唱 首 歌 吧	听 首歌	唱 首 歌 吧	听 首 歌
chitchat	唱 首 歌 吧	帮 我 推荐 一 首 歌	唱 首 歌 吧	帮 我 推荐 荐 一 首 歌
chitchat	唱 首 歌 吧	啊 我 想 听 什么 歌 呢 00 年 吧	唱 首 歌 吧	啊 我 想 听 什么 歌 呢 00 年 吧
chitchat	唱 首 歌 吧	你 会 唱歌 不	唱 首 歌 吧	你 会 唱歌 唱 歌 不
chitchat	唱 首 歌 吧	你 还 会 唱 什么 歌	唱 首 歌 吧	你 还 会 唱 什么 歌
chitchat	唱 首 歌 吧	那 你 随便 过唱 首歌	唱 首 歌 吧	那 你 随便 过 唱 首 歌
chitchat	什么 星座	你 是 什么 星座 呀	什么 星座	你 是 什么 星座 呀
chitchat	什么 星座	你 什么 星座	什么 星座	你 什么 星座
chitchat	什么 星座	你 是 什么 星座 ， 天蝎座	什么 星座	你 是 什么 星座 ， 天蝎 座
chitchat	为 我 作画	我们 来 玩 现场 作画 吧	为 我 作画	我们 来 玩 现场 作画 吧
chitchat	为 我 作画	现场 作画	为 我 作画	现场 作画
chitchat	为 我 作画	作画	为 我 作画	作画
chitchat	为 我 作画	为 你 作画	为 我 作画	为 你 作画
chitchat	为 我 作画	画画	为 我 作画	画画 画
chitchat	为 我 作画	呃为 我 作画	为 我 作画	呃 为 我 作画
chitchat	今天 下午 0 点 半 ， 提醒 我 出发	今天 下午 0 点 半 ， 提醒 我 出发	今天 下午 0 点 半 ， 提醒 我 出发	今天 下午 0 点 半 ， 提醒 我 出发
chitchat	你 喜欢 什么	你 喜欢 Music   吗	你 喜欢 什么	你 喜欢 Music   吗
chitchat	你 吃饭 了 吗	吃饭 了 吗	你 吃饭 吃 饭 了 吗	吃饭 吃 饭 了 吗
chitchat	明天 星期几	今天 星期几	明天 星 期 几	今天 星 期 几
chitchat	今天 人 多 吗	今天 人 多 吗	今天 人 多 吗	今天 人 多 吗
chitchat	你 在 干嘛 呀	你 在 干嘛 呀	你 在 干 嘛 呀	你 在 干 嘛 呀
chitchat	你好 自恋 啊	你好 自恋 啊	你好 自恋 啊	你好 自恋 啊
chitchat	你 老板 是 谁	你 老板 是 谁	你 老板 是 谁	你 老板 是 谁
chitchat	你 有 蛀牙 吗	你 有 蛀牙 吗	你 有 蛀牙 吗	你 有 蛀牙 吗
chitchat	你 有 情绪 吗	你 有 情绪 吗	你 有 情绪 吗	你 有 情绪 吗
chitchat	你 有 牙齿 吗	你 有 牙齿 吗	你 有 牙齿 牙 齿 吗	你 有 牙齿 牙 齿 吗
chitchat	你 赚 多少 钱	你 赚 多少 钱	你 赚 多少 钱	你 赚 多少 钱
chitchat	宇宙 有 多 大	宇宙 有 多 大	宇宙 有 多 大	宇宙 有 多 大
chitchat	我 是 你 主人	我 是 你 主人	我 是 你 主人	我 是 你 主人
chitchat	你 爱 吃 什么	你 爱 吃 什么	你 爱 吃 什么	你 爱 吃 什么
chitchat	现在 的 位置	现在 的 位置	现在 的 位置	现在 的 位置
chitchat	你 能 聊天 吗	你 能 聊天 吗	你 能 聊天 吗	你 能 聊天 吗
chitchat	你 是 大笨蛋	你 智商 捉急 啊	你 是 大 笨 蛋	你 智商 捉 急 啊
chitchat	你 是 大笨蛋	你 好 笨 哦	你 是 大 笨 蛋	你 好 笨 哦
chitchat	你 是 大笨蛋	你 好蠢	你 是 大 笨 蛋	你 好 蠢
chitchat	你 主人 是 谁	你 主人 对 你 好 吗	你 主人 是 谁	你 主人 对 你 好 吗
chitchat	明天 堵 不 堵车	聪明 的 ET 一 小时 后 车况 如何	明天 堵 不 堵车	聪明 的 ET 一 小时 后 车况 车 如何
chitchat	明天 堵 不 堵车	现在 杭州 哪里 交通 比较 拥挤	明天 堵 不 堵车	现在 杭州 杭 哪里 交通 比较 拥挤
chitchat	明天 堵 不 堵车	明天 赌 不 赌车	明天 堵 不 堵车	明天 赌 不 赌 车
chitchat	明天 堵 不 堵车	莫干 山路 堵 不 堵	明天 堵 不 堵车	莫 干 山路 堵 不 堵
chitchat	明天 堵 不 堵车	现在 哪儿 最 堵 啊	明天 堵 不 堵车	现在 哪儿 最 堵 啊
chitchat	明天 堵 不 堵车	呃之江路 的 现在 堵 堵车 吗	明天 堵 不 堵车	呃 之 江 路 的 现在 堵 堵车 吗
chitchat	明天 堵 不 堵车	今天 北京 的 路况 怎么样	明天 堵 不 堵车	今天 北京 京 的 路况 怎么 样
chitchat	明天 堵 不 堵车	嗯 杭州 的 交通 怎么样	明天 堵 不 堵车	嗯 杭州 杭 的 交通 怎么 样
chitchat	明天 堵 不 堵车	今天 城市 交通 将 交通 情况 怎么样	明天 堵 不 堵车	今天 城市 交通 将 交通 情况 怎么 样
chitchat	今天 是 几 号 啊	今天 几 号	今天 是 几 号 啊	今天 几 号
chitchat	今天 是 几 号 啊	今天 是 几号	今天 是 几 号 啊	今天 是 几 号
chitchat	今天 是 几 号 啊	今天 是 几月 几号	今天 是 几 号 啊	今天 是 几 月 几 号
chitchat	你 可以 做 什么	你 是 什么	你 可以 做 什么	你 是 什么
chitchat	你 可以 做 什么	你 能 介绍 一下	你 可以 做 什么	你 能 介绍 一下
chitchat	你 可以 做 什么	你 能 做 什么	你 可以 做 什么	你 能 做 什么
chitchat	你 可以 做 什么	你 能 做 些 什么	你 可以 做 什么	你 能 做 些 什么
chitchat	你 可以 做 什么	你 还 可以 做 什么	你 可以 做 什么	你 还 可以 做 什么
chitchat	你 可以 做 什么	你 能 干 什么	你 可以 做 什么	你 能 干 什么
chitchat	你 可以 做 什么	你 还 可以 做 什么	你 可以 做 什么	你 还 可以 做 什么
chitchat	你 可以 做 什么	你 还 能 做 什么	你 可以 做 什么	你 还 能 做 什么
chitchat	你 可以 做 什么	你 还 会 做 什么	你 可以 做 什么	你 还 会 做 什么
chitchat	你 可以 做 什么	这个 怎么 玩 这个 怎么 玩	你 可以 做 什么	这 个 怎么 玩 这 个 怎么 玩
chitchat	你 可以 做 什么	你 会 做 什么	你 可以 做 什么	你 会 做 什么
chitchat	你 可以 做 什么	你 有 什么 功能	你 可以 做 什么	你 有 什么 功能
chitchat	你 可以 做 什么	你 能 为 我 做 什么	你 可以 做 什么	你 能 为 我 做 什么
chitchat	你 可以 做 什么	你 会 干 什么	你 可以 做 什么	你 会 干 什么
chitchat	你 可以 做 什么	你 都 会 做 什么 呀	你 可以 做 什么	你 都 会 做 什么 呀
chitchat	你 可以 做 什么	你 做 什么 工作 的	你 可以 做 什么	你 做 什么 工作 的
chitchat	你 可以 做 什么	你 能 做 些 什么 呢	你 可以 做 什么	你 能 做 些 什么 呢
chitchat	你 可以 做 什么	你 还要 什么 功能 呢	你 可以 做 什么	你 还要 什么 功能 呢
chitchat	你 可以 做 什么	你 能 做 些 什么 呀	你 可以 做 什么	你 能 做 些 什么 呀
chitchat	你 可以 做 什么	你 还 会 说 什么	你 可以 做 什么	你 还 会 说 什么
chitchat	你 可以 做 什么	请 问 你 可以 帮 我 解决 问题 吗	你 可以 做 什么	请 问 你 可以 帮 我 解决 问题 吗
chitchat	你 可以 做 什么	你 可以 做 些 什么	你 可以 做 什么	你 可以 做 些 什么
chitchat	你 可以 做 什么	你 会 做 些 什么	你 可以 做 什么	你 会 做 些 什么
chitchat	你 可以 做 什么	请 问 你 能 干 什么	你 可以 做 什么	请 问 你 能 干 什么
chitchat	你 可以 做 什么	请 问 你 能 干些 什么	你 可以 做 什么	请 问 你 能 干 些 什么
chitchat	你 可以 做 什么	您 可以 做 什么	你 可以 做 什么	您 可以 做 什么
chitchat	你 可以 做 什么	你 会 些 什么	你 可以 做 什么	你 会 些 什么
chitchat	你 可以 做 什么	嗯 你 会 做 什么 话 ， 你 有 什么 本事 啊 ， 你 是 啥 啊 ， 你 会 做 什么 呢	你 可以 做 什么	嗯 你 会 做 什么 话 ， 你 有 什么 本事 啊 ， 你 是 啥 啊 ， 你 会 做 什么 呢
chitchat	你 可以 做 什么	你 能 和 我 说下 你 的 工作 具体 是 什么 吗	你 可以 做 什么	你 能 和 我 说 下 你 的 工作 具体 是 什么 吗
chitchat	你 可以 做 什么	你 可以 帮 我 做 什么	你 可以 做 什么	你 可以 帮 我 做 什么
chitchat	你 可以 做 什么	你 都 有 什么 功能	你 可以 做 什么	你 都 有 什么 功能
chitchat	你 可以 做 什么	原来 你 有 这么 多功能 啊	你 可以 做 什么	原来 你 有 这么 多 功能 啊
chitchat	你 可以 做 什么	你 会 些 什么 技能	你 可以 做 什么	你 会 些 什么 技能
chitchat	你 可以 做 什么	你 还有 什么 功能	你 可以 做 什么	你 还有 什么 功能
chitchat	你 可以 做 什么	一 听 你 有 什么 功能 啊	你 可以 做 什么	一 听 你 有 什么 功能 啊
chitchat	你 可以 做 什么	你 现在 能 做 什么 呢	你 可以 做 什么	你 现在 能 做 什么 呢
chitchat	你 可以 做 什么	可以 做 什么 ， 可以 做 什么	你 可以 做 什么	可以 做 什么 ， 可以 做 什么
chitchat	你 可以 做 什么	你 会 聊 什么	你 可以 做 什么	你 会 聊 什么
chitchat	你 可以 做 什么	那 你 还 知道 什么 事情	你 可以 做 什么	那 你 还 知道 什么 事情
chitchat	你 可以 做 什么	你 可以 做 哪些 事 啊	你 可以 做 什么	你 可以 做 哪些 事 啊
chitchat	你 有 女朋友 吗	你 是 单身 吗	你 有 女 朋友 吗	你 是 单身 吗
chitchat	你 有 女朋友 吗	你 有 男朋友 吗	你 有 女 朋友 吗	你 有 男 朋友 吗
chitchat	你 有 女朋友 吗	你 有 没有 能力 有 没有 男朋友 男朋友	你 有 女 朋友 吗	你 有 没有 能力 有 没有 男 朋友 男 朋友
chitchat	你 有 女朋友 吗	有 男朋友 吗	你 有 女 朋友 吗	有 男 朋友 吗
chitchat	你 有 女朋友 吗	你 结婚 了 吗 有 没有 男朋友	你 有 女 朋友 吗	你 结婚 婚 了 吗 有 没有 男 朋友
chitchat	你 会 说 英语 吗	你 能 讲 英文 吗	你 会 说 英语 英 吗	你 能 讲 英文 吗
chitchat	你 会 说 英语 吗	你 懂 英文 吗	你 会 说 英语 英 吗	你 懂 英文 吗
chitchat	你 会 说 英语 吗	你 会 说 什么 语言 呢	你 会 说 英语 英 吗	你 会 说 什么 语言 呢
chitchat	你 会 说 英语 吗	英语 会 讲 吗	你 会 说 英语 英 吗	英语 英 会 讲 吗
chitchat	你 会 说 英语 吗	你 会 说 啥 语言 啊	你 会 说 英语 英 吗	你 会 说 啥 语言 啊
chitchat	你 会 说 英语 吗	你 能 分清 英文 吗	你 会 说 英语 英 吗	你 能 分清 英文 吗
chitchat	你 长 什么样 呀	你 长 什么样 呀	你 长 什 么 样 呀	你 长 什 么 样 呀
chitchat	明天 的 天气 呢	明天 的 天气 呢	明天 的 天气 呢	明天 的 天气 呢
chitchat	你 可以 骂人 吗	你 可以 骂人 吗	你 可以 骂人 吗	你 可以 骂人 吗
chitchat	很 高兴 认识 你	很 高兴 认识 你	很 高兴 认识 你	很 高兴 认识 你
chitchat	我 有 一 个 难题	我 有 一 个 难题	我 有 一 个 难题	我 有 一 个 难题
chitchat	你 喜欢 帅哥 吗	你 喜欢 帅哥 吗	你 喜欢 帅哥 帅 哥 吗	你 喜欢 帅哥 帅 哥 吗
chitchat	你 是 不 是 天才	你 是 不 是 天才	你 是 不 是 天才	你 是 不 是 天才
chitchat	去 喝 杯 咖啡 吧	去 喝 杯 咖啡 吧	去 喝 杯 咖啡 咖 吧	去 喝 杯 咖啡 咖 吧
chitchat	我 是 我 妈生 的	我 是 我 妈生 的	我 是 我 妈 生 的	我 是 我 妈 生 的
chitchat	机器人 吃饭 吗	机器人 吃饭 吗	机器 人 吃饭 吃 饭 吗	机器 人 吃饭 吃 饭 吗
chitchat	你 成绩 怎么样	你 成绩 怎么样	你 成绩 怎么 样	你 成绩 怎么 样
chitchat	你 是 外星人 吗	你 是 外星人 吗	你 是 外星 人 吗	你 是 外星 人 吗
chitchat	你 会 背 古诗 吗	你 会 背 古诗 吗	你 会 背 古诗 诗 吗	你 会 背 古诗 诗 吗
chitchat	你 确定 不 会 吗	你 确定 不 会 吗	你 确定 不 会 吗	你 确定 不 会 吗
chitchat	怎么 学好 英语	怎么 学好 英语	怎么 学好 英语 英	怎么 学好 英语 英
chitchat	我 想 订张 机票	我 想 订张 机票	我 想 订 张 机票 票	我 想 订 张 机票 票
chitchat	有 合作 伙伴 吗	有 合作 伙伴 吗	有 合作 伙伴 吗	有 合作 伙伴 吗
chitchat	能 查火 车票 吗	能 查火 车票 吗	能 查 火 车票 车 票 吗	能 查 火 车票 车 票 吗
chitchat	说 个 绕口 令 吧	说 个 绕口 令 吧	说 个 绕口 令 吧	说 个 绕口 令 吧
chitchat	国家 主席 是 谁	现在 国家 主席 是 谁	国家 主席 是 谁	现在 国家 主席 是 谁
chitchat	国家 主席 是 谁	中华 人民共和国 国家 主席 是 谁	国家 主席 是 谁	中华 人 民 共 和 国 国家 主席 是 谁
chitchat	你 反应 太 慢 了	这 个 效率 也 很 低 啊	你 反应 太 慢 了	这 个 效率 也 很 低 啊
chitchat	你 你 是 美女 吗	那 你 觉得 自己 漂亮 吗	你 你 是 美女 美 女 吗	那 你 觉得 自己 自 漂亮 漂 吗
chitchat	你 你 是 美女 吗	你 觉得 自己 漂亮 吗	你 你 是 美女 美 女 吗	你 觉得 自己 自 漂亮 漂 吗
chitchat	明天 天气 怎么样	聪明 的 ET 告诉 我 今天 的 天气	明天 天气 怎么 样	聪明 的 ET 告诉 我 今天 的 天气
chitchat	明天 天气 怎么样	今天 的 天气	明天 天气 怎么 样	今天 的 天气
chitchat	明天 天气 怎么样	今天 天气 怎么样 呢	明天 天气 怎么 样	今天 天气 怎么 样 呢
chitchat	明天 天气 怎么样	明天 会 下雨 吗	明天 天气 怎么 样	明天 会 下雨 雨 吗
chitchat	明天 天气 怎么样	那 后天 下雨 吗	明天 天气 怎么 样	那 后天 下雨 雨 吗
chitchat	明天 天气 怎么样	今天 天气	明天 天气 怎么 样	今天 天气
chitchat	明天 天气 怎么样	天气 如何	明天 天气 怎么 样	天气 如何
chitchat	明天 天气 怎么样	天气 怎么样	明天 天气 怎么 样	天气 怎么 样
chitchat	明天 天气 怎么样	今天 的 天气 怎么样	明天 天气 怎么 样	今天 的 天气 怎么 样
chitchat	明天 天气 怎么样	今天 天气 怎么样 啊	明天 天气 怎么 样	今天 天气 怎么 样 啊
chitchat	明天 天气 怎么样	今天 天气 怎么样	明天 天气 怎么 样	今天 天气 怎么 样
chitchat	明天 天气 怎么样	今天 天气 温度	明天 天气 怎么 样	今天 天气 温度 度
chitchat	明天 天气 怎么样	今天 的 天气 怎么样 啊	明天 天气 怎么 样	今天 的 天气 怎么 样 啊
chitchat	明天 天气 怎么样	昨天 的 天气 呢	明天 天气 怎么 样	昨天 的 天气 呢
chitchat	明天 天气 怎么样	今天 杭州 温度 几度	明天 天气 怎么 样	今天 杭州 杭 温度 度 几 度
chitchat	明天 天气 怎么样	明天 下雨 吗	明天 天气 怎么 样	明天 下雨 雨 吗
chitchat	明天 天气 怎么样	明天 的 天气 怎么样 呢	明天 天气 怎么 样	明天 的 天气 怎么 样 呢
chitchat	明天 天气 怎么样	会 下雨 吗	明天 天气 怎么 样	会 下雨 雨 吗
chitchat	明天 天气 怎么样	北京 明天 Pm   0.0 多少	明天 天气 怎么 样	北京 京 明天 Pm   0.0 多少
chitchat	明天 天气 怎么样	呃 ， Pm   0.0 是 多少	明天 天气 怎么 样	呃 ， Pm   0.0 是 多少
chitchat	明天 天气 怎么样	今天 天气 如何	明天 天气 怎么 样	今天 天气 如何
chitchat	明天 天气 怎么样	今天 杭州 天气 怎么样	明天 天气 怎么 样	今天 杭州 杭 天气 怎么 样
chitchat	明天 天气 怎么样	杭州 的 天气	明天 天气 怎么 样	杭州 杭 的 天气
chitchat	明天 天气 怎么样	杭州 天气 怎么样	明天 天气 怎么 样	杭州 杭 天气 怎么 样
chitchat	明天 天气 怎么样	今天 天气 好 吗	明天 天气 怎么 样	今天 天气 好 吗
chitchat	明天 天气 怎么样	后天 的 天气	明天 天气 怎么 样	后天 的 天气
chitchat	明天 天气 怎么样	杭州 天气	明天 天气 怎么 样	杭州 杭 天气
chitchat	明天 天气 怎么样	北京市 的 天气 呢	明天 天气 怎么 样	北京 市 的 天气 呢
chitchat	明天 天气 怎么样	后天 会 下雨 吗	明天 天气 怎么 样	后天 会 下雨 雨 吗
chitchat	明天 天气 怎么样	今天 美国 天气 怎么样	明天 天气 怎么 样	今天 美国 天气 怎么 样
chitchat	明天 天气 怎么样	你 知道 天气 吗	明天 天气 怎么 样	你 知道 天气 吗
chitchat	明天 天气 怎么样	今天 天气 怎么样 ， 今天 天 才 他 的 呃	明天 天气 怎么 样	今天 天气 怎么 样 ， 今天 天 才 他 的 呃
chitchat	明天 天气 怎么样	嗯 今天 的 天气 ， 明天 的 天气 ， 昨天 美国 天气 怎么样	明天 天气 怎么 样	嗯 今天 的 天气 ， 明天 的 天气 ， 昨天 美国 天气 怎么 样
chitchat	给 我 讲 个 笑话 吧	讲 个 笑话 吧	给 我 讲 个 笑话 吧	讲 个 笑话 吧
chitchat	给 我 讲 个 笑话 吧	说 个 笑话	给 我 讲 个 笑话 吧	说 个 笑话
chitchat	给 我 讲 个 笑话 吧	讲 个 笑话	给 我 讲 个 笑话 吧	讲 个 笑话
chitchat	给 我 讲 个 笑话 吧	你 给 我 讲 个 笑话 吧	给 我 讲 个 笑话 吧	你 给 我 讲 个 笑话 吧
chitchat	给 我 讲 个 笑话 吧	笑话	给 我 讲 个 笑话 吧	笑话
chitchat	给 我 讲 个 笑话 吧	给 我 讲 一个 笑话 吧	给 我 讲 个 笑话 吧	给 我 讲 一个 一 个 笑话 吧
chitchat	给 我 讲 个 笑话 吧	给 我 讲 个 笑话	给 我 讲 个 笑话 吧	给 我 讲 个 笑话
chitchat	给 我 讲 个 笑话 吧	呃 你 给 我 讲 个 笑话 吧	给 我 讲 个 笑话 吧	呃 你 给 我 讲 个 笑话 吧
chitchat	给 我 讲 个 笑话 吧	可以 讲 一 个 冷笑话 吗	给 我 讲 个 笑话 吧	可以 讲 一 个 冷 笑话 吗
chitchat	给 我 讲 个 笑话 吧	你 讲个 笑话 呗	给 我 讲 个 笑话 吧	你 讲 个 笑话 呗
chitchat	给 我 讲 个 笑话 吧	那么 比如 讲 个 笑话 吧	给 我 讲 个 笑话 吧	那么 比如 讲 个 笑话 吧
chitchat	给 我 讲 个 笑话 吧	那 你 给 我 讲 个 笑话 吧	给 我 讲 个 笑话 吧	那 你 给 我 讲 个 笑话 吧
chitchat	给 我 讲 个 笑话 吧	你 说 一 个 冷笑话	给 我 讲 个 笑话 吧	你 说 一 个 冷 笑话
chitchat	你 的 地址 是 哪里	你 是 哪里 的	你 的 地址 是 哪里	你 是 哪里 的
chitchat	你 的 地址 是 哪里	请 问 你 是 杭州人 吗	你 的 地址 是 哪里	请 问 你 是 杭 州 人 吗
chitchat	你 觉得 自己 美 吗	你 是 美女 吗	你 觉得 自己 自 美 吗	你 是 美女 美 女 吗
chitchat	我 现在 在 哪里 啊	我们 在 哪儿	我 现在 在 哪里 啊	我们 在 哪儿
chitchat	你 是 谁 开发 了 呀	你 是 谁 开发 的	你 是 谁 开发 了 呀	你 是 谁 开发 的
chitchat	你 是 谁 开发 了 呀	你 是 谁 创造 的	你 是 谁 开发 了 呀	你 是 谁 创造 的
chitchat	你 是 谁 开发 了 呀	你 从 哪儿 来	你 是 谁 开发 了 呀	你 从 哪儿 来
chitchat	你 是 谁 开发 了 呀	是 谁 创造 了 你	你 是 谁 开发 了 呀	是 谁 创造 了 你
chitchat	你 是 谁 开发 了 呀	嗯 ， 你 是 谁 制造 的	你 是 谁 开发 了 呀	嗯 ， 你 是 谁 制造 制 造 的
chitchat	你 是 谁 开发 了 呀	谁 把 你 创造 出来 的 呀	你 是 谁 开发 了 呀	谁 把 你 创造 出来 的 呀
chitchat	你 是 谁 开发 了 呀	问 ， 那 你 怎么 做 出来 的	你 是 谁 开发 了 呀	问 ， 那 你 怎么 做 出来 的
chitchat	你 是 谁 开发 了 呀	你 是 怎么 来到 这 个 世界 上 的	你 是 谁 开发 了 呀	你 是 怎么 来到 这 个 世界 上 的
chitchat	你 是 怎么 互动 呢	你 怎么 互动 呢	你 是 怎么 互动 呢	你 怎么 互动 呢
chitchat	你 的 智商 有 多少	你 的 智商 是 多少	你 的 智商 有 多少	你 的 智商 是 多少
chitchat	你 的 智商 有 多少	你 智商 多 高	你 的 智商 有 多少	你 智商 多 高
chitchat	你 的 智商 有 多少	你 现在 的 智能 水平 在 什么 ， 阶段 啊	你 的 智商 有 多少	你 现在 的 智能 水平 在 什么 ， 阶段 段 啊
chitchat	你 的 智商 有 多少	你 觉得 你 自己 都 够 聪明 吗	你 的 智商 有 多少	你 觉得 你 自己 自 都 够 聪明 吗
chitchat	你 的 智商 有 多少	你 觉得 你 有 智慧 吗	你 的 智商 有 多少	你 觉得 你 有 智慧 吗
chitchat	你 的 智商 有 多少	真的 知道 很多 吗	你 的 智商 有 多少	真 的 知道 很 多 吗
chitchat	你 的 套路 很 深嘛	你 的 套路 很 深嘛	你 的 套路 很 深 嘛	你 的 套路 很 深 嘛
chitchat	我 觉得 挺 好看 的	我 觉得 挺 好看 的	我 觉得 挺 好看 好 的	我 觉得 挺 好看 好 的
chitchat	你 还是 亚洲人 呢	你 还是 亚洲人 呢	你 还是 亚 洲 人 呢	你 还是 亚 洲 人 呢
chitchat	那 你 是 哪国 人 呢	那 你 是 哪国 人 呢	那 你 是 哪 国 人 呢	那 你 是 哪 国 人 呢
chitchat	你 学过 哲学 可 吗	你 学过 哲学 可 吗	你 学 过 哲学 可 吗	你 学 过 哲学 可 吗
chitchat	出门 要 戴 口罩 吗	出门 要 戴 口罩 吗	出门 要 戴 口罩 吗	出门 要 戴 口罩 吗
chitchat	中国 有 多少 人口	中国 有 多少 人口	中国 有 多少 人口	中国 有 多少 人口
chitchat	什么 是 图灵 测试	什么 是 图灵 测试	什么 是 图灵 测试 测 试	什么 是 图灵 测试 测 试
chitchat	会 不 会 讲客 家话	朋友 讲客 家话 吗	会 不 会 讲 客 家 话	朋友 讲 客 家 话 吗
chitchat	你 有 多 大 的 容量	你 有 多 大 的 容量	你 有 多 大 的 容量 量	你 有 多 大 的 容量 量
chitchat	你 还有 多少 电量	你 还有 多少 电量	你 还有 多少 电量	你 还有 多少 电量
chitchat	你 什么 都 会 说 吗	你 什么 都 会 说 吗	你 什么 都 会 说 吗	你 什么 都 会 说 吗
chitchat	你 觉得 你 好玩 吗	你 觉得 自己 怎么样	你 觉得 你 好玩 吗	你 觉得 自己 自 怎么 样
chitchat	你 觉得 你 好玩 吗	你 能 证明 你 有 意思 吗	你 觉得 你 好玩 吗	你 能 证明 你 有 意思 吗
chitchat	你 是 怎么 运行 的	你 是 你 是 怎么 思考 的	你 是 怎么 运行 的	你 是 你 是 怎么 思考 的
chitchat	呃 你 最 擅长 什么	你 最 大 的 ， 呃 ， 亮点 是 什么	呃 你 最 擅长 什么	你 最 大 的 ， 呃 ， 亮点 是 什么
chitchat	呃 你 最 擅长 什么	而 你 最擅 长 什么 ， 听 不 懂 啊	呃 你 最 擅长 什么	而 你 最 擅 长 什么 ， 听 不 懂 啊
chitchat	你 的 爸爸 妈妈 是 谁	你 的 妈妈 是 谁	你 的 爸爸 爸 妈妈 妈 是 谁	你 的 妈妈 妈 是 谁
chitchat	你 的 爸爸 妈妈 是 谁	你 爸爸 是 谁	你 的 爸爸 爸 妈妈 妈 是 谁	你 爸爸 爸 是 谁
chitchat	你 的 爸爸 妈妈 是 谁	你 的 爸爸 是 谁	你 的 爸爸 爸 妈妈 妈 是 谁	你 的 爸爸 爸 是 谁
chitchat	你 的 爸爸 妈妈 是 谁	你 爸爸 是 谁 呀	你 的 爸爸 爸 妈妈 妈 是 谁	你 爸爸 爸 是 谁 呀
chitchat	你 的 爸爸 妈妈 是 谁	你 的 父母 是 谁	你 的 爸爸 爸 妈妈 妈 是 谁	你 的 父母 是 谁
chitchat	你 的 爸爸 妈妈 是 谁	你 的 爸爸 妈妈 是 谁 呀	你 的 爸爸 爸 妈妈 妈 是 谁	你 的 爸爸 爸 妈妈 妈 是 谁 呀
chitchat	你 的 爸爸 妈妈 是 谁	你 的 妈妈 是 谁 呀	你 的 爸爸 爸 妈妈 妈 是 谁	你 的 妈妈 妈 是 谁 呀
chitchat	你 的 爸爸 妈妈 是 谁	妈咪 是 谁	你 的 爸爸 爸 妈妈 妈 是 谁	妈咪 妈 是 谁
chitchat	你 给 我 讲 个 故事 吧	给 我 讲 个 故事	你 给 我 讲 个 故事 吧	给 我 讲 个 故事
chitchat	你 给 我 讲 个 故事 吧	给 我 讲 个 故事 吧	你 给 我 讲 个 故事 吧	给 我 讲 个 故事 吧
chitchat	你 给 我 讲 个 故事 吧	讲 个 故事 吗	你 给 我 讲 个 故事 吧	讲 个 故事 吗
chitchat	为什么 又 超时 了 呢	你 怎么 又 挂 了 呀	为 什么 又 超时 了 呢	你 怎么 又 挂 了 呀
chitchat	为什么 又 超时 了 呢	停止 录音 了 吗	为 什么 又 超时 了 呢	停止 录音 了 吗
chitchat	你 是 机器人 还是 人	你 是 人工 智能 吗	你 是 机器 人 还是 人	你 是 人工 智能 吗
chitchat	你 是 机器人 还是 人	你 不 是 机器人 吗	你 是 机器 人 还是 人	你 不 是 机器 人 吗
chitchat	你 是 机器人 还是 人	一 天 你 是 个人 吗 还是 机器	你 是 机器 人 还是 人	一 天 你 是 个人 吗 还是 机器
chitchat	你 是 机器人 还是 人	你 觉得 你 是 机器人 吗	你 是 机器 人 还是 人	你 觉得 你 是 机器 人 吗
chitchat	啊 刚 才 你 死机 了 吗	现在 恢复 正常 了 吧	啊 刚 才 你 死机 了 吗	现在 恢复 正常 了 吧
chitchat	啊 刚 才 你 死机 了 吗	还 没 恢复 好 吗	啊 刚 才 你 死机 了 吗	还 没 恢复 好 吗
chitchat	啊 刚 才 你 死机 了 吗	你 怎么 死机 了 呀	啊 刚 才 你 死机 了 吗	你 怎么 死机 了 呀
chitchat	今天 有 什么 大 新闻	今天 有 什么 大 新闻	今天 有 什么 大 新闻	今天 有 什么 大 新闻
chitchat	你 会 用 男生 说话 吗	你 会 用 男生 说话 吗	你 会 用 男生 男 说话 说 话 吗	你 会 用 男生 男 说话 说 话 吗
chitchat	你 只 能 识别 中文 吗	你 只 能 识别 中文 吗	你 只 能 识别 中文 中 文 吗	你 只 能 识别 中文 中 文 吗
chitchat	我 觉得 你 也 很 无聊	我 觉得 你 也 很 无聊	我 觉得 你 也 很 无聊	我 觉得 你 也 很 无聊
chitchat	说话 太 长 也 不 行 啊	说话 太 长 也 不 行 啊	说话 说 话 太 长 也 不 行 啊	说话 说 话 太 长 也 不 行 啊
chitchat	你 能 回答 我 问题 吗	你 能 回答 我 问题 吗	你 能 回答 我 问题 吗	你 能 回答 我 问题 吗
chitchat	你 能 给 我 打点 钱 吗	你 能 给 我 打点 钱 吗	你 能 给 我 打点 钱 吗	你 能 给 我 打点 钱 吗
chitchat	挖掘机 技术 哪 家 强	挖掘机 技术 哪 家 强	挖掘 机 技术 哪 家 强	挖掘 机 技术 哪 家 强
chitchat	你 喜欢 漂亮 衣服 吗	你 喜欢 漂亮 衣服 吗	你 喜欢 漂亮 漂 衣服 衣 服 吗	你 喜欢 漂亮 漂 衣服 衣 服 吗
chitchat	你 聪明 还是 我 聪明	你 聪明 还是 我 聪明	你 聪明 还是 我 聪明	你 聪明 还是 我 聪明
chitchat	你 要 不 要 休息 一下	你 要 不 要 休息 一下	你 要 不 要 休息 一下	你 要 不 要 休息 一下
chitchat	人类 是 怎么 进化 的	人类 是 怎么 进化 的	人类 人 是 怎么 进化 的	人类 人 是 怎么 进化 的
chitchat	你 知道 英雄联盟 吗	你 知道 英雄联盟 吗	你 知道 英雄 联盟 吗	你 知道 英雄 联盟 吗
chitchat	你 能 做 交通 预测 吗	你 能 做 交通 预测 吗	你 能 做 交通 预测 测 吗	你 能 做 交通 预测 测 吗
chitchat	可以 用 微信 付款 吗	可以 用 微信 付款 吗	可以 用 微 信 付款 吗	可以 用 微 信 付款 吗
chitchat	天 上 的 星星 有 几 颗	天 上 的 星星 有 几 颗	天 上 的 星星 有 几 颗	天 上 的 星星 有 几 颗
chitchat	奥运会 结束 多少 天	奥运会 结束 多少 天	奥运 会 结束 多少 天	奥运 会 结束 多少 天
chitchat	火星 上 有 什么 东西	火星 上 有 什么 东西	火星 上 有 什么 东西	火星 上 有 什么 东西
chitchat	美国 大选 谁 会 获胜	美国 大选 谁 会 获胜	美国 大选 谁 会 获胜	美国 大选 谁 会 获胜
chitchat	说 一下 元素 周期律	说 一下 元素 周期律	说 一下 元素 周期 律	说 一下 元素 周期 律
chitchat	你 是 男 的 还是 女 的	你 是 男生 还是 女生 啊	你 是 男 的 还是 女 的	你 是 男生 男 还是 女生 女 啊
chitchat	你 是 男 的 还是 女 的	你 是 男生 还是 女生	你 是 男 的 还是 女 的	你 是 男生 男 还是 女生 女
chitchat	你 是 男 的 还是 女 的	你 是 男 是 女	你 是 男 的 还是 女 的	你 是 男 是 女
chitchat	你 是 男 的 还是 女 的	你 是 男 的 女 的	你 是 男 的 还是 女 的	你 是 男 的 女 的
chitchat	你 是 男 的 还是 女 的	你 的 性别 是 什么	你 是 男 的 还是 女 的	你 的 性别 是 什么
chitchat	你 是 男 的 还是 女 的	你 是 男 的 吗	你 是 男 的 还是 女 的	你 是 男 的 吗
chitchat	你 是 男 的 还是 女 的	你 是 男 是 女 啊	你 是 男 的 还是 女 的	你 是 男 是 女 啊
chitchat	你 是 男 的 还是 女 的	那 你 是 男 的 还是 女 的	你 是 男 的 还是 女 的	那 你 是 男 的 还是 女 的
chitchat	你 是 男 的 还是 女 的	那 你 到底 是 男生 还是 女生 啊	你 是 男 的 还是 女 的	那 你 到底 是 男生 男 还是 女生 女 啊
chitchat	你 是 男 的 还是 女 的	那 你 是 男生 还是 女生	你 是 男 的 还是 女 的	那 你 是 男生 男 还是 女生 女
chitchat	你 是 男 的 还是 女 的	呃 你 是 女生 吗	你 是 男 的 还是 女 的	呃 你 是 女生 女 吗
chitchat	你 是 男 的 还是 女 的	那 你 究竟 是 男 的 还是 女 的 呢	你 是 男 的 还是 女 的	那 你 究竟 是 男 的 还是 女 的 呢
chitchat	你 是 男 的 还是 女 的	嗯 你 是 男 的 还是 女 的	你 是 男 的 还是 女 的	嗯 你 是 男 的 还是 女 的
chitchat	你 是 男 的 还是 女 的	你 是 男生 吗	你 是 男 的 还是 女 的	你 是 男生 男 吗
chitchat	你 是 男 的 还是 女 的	你 的 性别	你 是 男 的 还是 女 的	你 的 性别
chitchat	你 是 男 的 还是 女 的	是 男 的 是 女 的 啊	你 是 男 的 还是 女 的	是 男 的 是 女 的 啊
chitchat	你 是 男 的 还是 女 的	你 的 你 是 什么 性别 的	你 是 男 的 还是 女 的	你 的 你 是 什么 性别 的
chitchat	你 是 男 的 还是 女 的	人工 智能 也 有 性别 吧	你 是 男 的 还是 女 的	人工 智能 也 有 性别 吧
chitchat	说 什么 随便 说说 吧	呃 你 给 我 说 点 什么 呗	说 什么 随便 说说 吧	呃 你 给 我 说 点 什么 呗
chitchat	你 能 听到 我 说话 吗	还 没有 听 得 懂 我 在 说 什么 吗	你 能 听到 我 说话 说 话 吗	还 没有 听 得 懂 我 在 说 什么 吗
chitchat	你 能 听到 我 说话 吗	我 的 普通话 还 不 标准 吗	你 能 听到 我 说话 说 话 吗	我 的 普通 话 还 不 标准 标 吗
chitchat	你 能 模仿 我 的 声音 吗	你 能 不 能 模仿 我 的	你 能 模仿 我 的 声音 声 音 吗	你 能 不 能 模仿 我 的
chitchat	你 一 天 工作 多少 小时	你 一 天 工作 多少 小时	你 一 天 工作 多少 小时	你 一 天 工作 多少 小时
chitchat	你 只 能 听懂 普通话 吗	你 只 能 听懂 普通话 吗	你 只 能 听 懂 普通 话 吗	你 只 能 听 懂 普通 话 吗
chitchat	啊 这 个 有点 不 太 友好	啊 这 个 有点 不 太 友好	啊 这 个 有点 不 太 友好	啊 这 个 有点 不 太 友好
chitchat	哪里 可以 找 个 女朋友	哪里 可以 找 个 女朋友	哪里 可以 找 个 女 朋友	哪里 可以 找 个 女 朋友
chitchat	那 如何 迎娶 白富美 呢	那 如何 迎娶 白富美 呢	那 如何 迎娶 白 富 美 呢	那 如何 迎娶 白 富 美 呢
chitchat	那 我 能 做 你 女朋友 吗	那 我 能 做 你 女朋友 吗	那 我 能 做 你 女 朋友 吗	那 我 能 做 你 女 朋友 吗
chitchat	从 杭州 到 上海 有 多远	从 杭州 到 上海 有 多远	从 杭州 杭 到 上海 有 多 远	从 杭州 杭 到 上海 有 多 远
chitchat	中国 总共 有 多少 个 省	中国 总共 有 多少 个 省	中国 总共 有 多少 个 省	中国 总共 有 多少 个 省
chitchat	你 知道 什么 叫 成语 吗	你 知道 什么 叫 成语 吗	你 知道 什么 叫 成语 吗	你 知道 什么 叫 成语 吗
chitchat	你 知道 姚明 的 身高 吗	你 知道 姚明 的 身高 吗	你 知道 姚明 的 身高 吗	你 知道 姚明 的 身高 吗
chitchat	你 说 中国 有 多少 个 省	你 说 中国 有 多少 个 省	你 说 中国 有 多少 个 省	你 说 中国 有 多少 个 省
chitchat	可以 干嘛 可以 翻译 吗	可以 干嘛 可以 翻译 吗	可以 干 嘛 可以 翻译 吗	可以 干 嘛 可以 翻译 吗
chitchat	呃外 星人 真的 存在 吗	呃外 星人 真的 存在 吗	呃 外 星 人 真 的 存在 吗	呃 外 星 人 真 的 存在 吗
chitchat	网络 抖动 是 什么 意思	网络 抖动 是 什么 意思	网络 网 抖动 是 什么 意思	网络 网 抖动 是 什么 意思
chitchat	请问 到 西安 有 动车 吗	请问 到 西安 有 动车 吗	请问 到 西安 有 动车 吗	请问 到 西安 有 动车 吗
chitchat	好像 基本上 都 不 行 啊	好像 基本上 都 不 行 啊	好像 基 本 上 都 不 行 啊	好像 基 本 上 都 不 行 啊
chitchat	杭州市 的 市花 是 什么	嗯 杭州市 的 市花 是 什么	杭州 市 的 市花 是 什么	嗯 杭州 市 的 市花 是 什么
chitchat	杭州 哪里 小 龙虾 好吃	杭州 最 好吃 的 水煮 鱼 在 哪里	杭州 杭 哪里 小 龙虾 龙 虾 好吃 吃	杭州 杭 最 好吃 吃 的 水煮 鱼 在 哪里
chitchat	杭州 哪里 小 龙虾 好吃	杭州 哪里 能够 吃到 东坡肉	杭州 杭 哪里 小 龙虾 龙 虾 好吃 吃	杭州 杭 哪里 能够 吃 到 东坡 肉
chitchat	最近 哪 个 股票 比较 好	明天 的 股价 怎么 涨 ， 今天 股市 没 涨 啊	最近 哪 个 股票 股 比较 好	明天 的 股价 股 怎么 涨 ， 今天 股市 股 没 涨 啊
chitchat	最近 哪 个 股票 比较 好	下 个 星期 股市 会 涨 吗	最近 哪 个 股票 股 比较 好	下 个 星期 股市 股 会 涨 吗
chitchat	呃 你 觉得 你 自己 聪明 吗	你 聪明 吗	呃 你 觉得 你 自己 自 聪明 吗	你 聪明 吗
chitchat	呃 你 觉得 你 自己 聪明 吗	你 很 聪明 吗	呃 你 觉得 你 自己 自 聪明 吗	你 很 聪明 吗
chitchat	哦 ， 你 喜欢 哪 一 个 明星	你 喜欢 什么 明星	哦 ， 你 喜欢 哪 一 个 明星	你 喜欢 什么 明星
chitchat	我 想 调戏 你 一下 可以 吗	那 我 还是 调戏 你 吧	我 想 调戏 你 一下 可以 吗	那 我 还是 调戏 你 吧
chitchat	给 我 讲 个 不 好笑 的 笑话	讲 一 个 更 不 好笑 的 笑话	给 我 讲 个 不 好笑 的 笑话	讲 一 个 更 不 好笑 的 笑话
chitchat	给 我 讲 个 不 好笑 的 笑话	给 我 讲 一 个 不 好玩 的 笑话	给 我 讲 个 不 好笑 的 笑话	给 我 讲 一 个 不 好玩 的 笑话
chitchat	呵呵 ， 我 觉得 你 很 幽默	呵呵 ， 我 觉得 你 很 幽默	呵呵 ， 我 觉得 你 很 幽默	呵呵 ， 我 觉得 你 很 幽默
chitchat	我 是 世界 上 最 帅 的 人 吗	我 是 世界 上 最 帅 的 人 吗	我 是 世界 上 最 帅 的 人 吗	我 是 世界 上 最 帅 的 人 吗
chitchat	我 跟 你 推荐 一 部 电影 吧	我 跟 你 推荐 一 部 电影 吧	我 跟 你 推荐 荐 一 部 电影 电 影 吧	我 跟 你 推荐 荐 一 部 电影 电 影 吧
chitchat	你 的 大脑 有 多 大 的 容量	你 的 大脑 有 多 大 的 容量	你 的 大脑 脑 有 多 大 的 容量 量	你 的 大脑 脑 有 多 大 的 容量 量
chitchat	你 猜 我 是 男 的 还是 女 的	你 猜 我 是 男 的 还是 女 的	你 猜 我 是 男 的 还是 女 的	你 猜 我 是 男 的 还是 女 的
chitchat	帮帮 我 把 灯光 调暗 一点	帮帮 我 把 灯光 调暗 一点	帮 帮 我 把 灯光 灯 光 调 暗 一点 点	帮 帮 我 把 灯光 灯 光 调 暗 一点 点
chitchat	最高 人民 法院 在 哪 个 省	最高 人民 法院 在 哪 个 省	最高 高 人民 人 民 法院 在 哪 个 省	最高 高 人民 人 民 法院 在 哪 个 省
chitchat	怎么 去 阿里巴巴 西溪 园区	我 要 怎么 去 北京 啊	怎么 去 阿里 巴巴 西溪 园区	我 要 怎么 去 北京 京 啊
chitchat	怎么 去 阿里巴巴 西溪 园区	我 要 去 淘宝 城	怎么 去 阿里 巴巴 西溪 园区	我 要 去 淘宝 城
chitchat	怎么 去 阿里巴巴 西溪 园区	呃 我 现在 去 黄山 怎么 走	怎么 去 阿里 巴巴 西溪 园区	呃 我 现在 去 黄山 山 怎么 走
chitchat	怎么 去 阿里巴巴 西溪 园区	我 要 去 淘宝	怎么 去 阿里 巴巴 西溪 园区	我 要 去 淘宝
chitchat	怎么 去 阿里巴巴 西溪 园区	呃 我 要 去 武林 广场	怎么 去 阿里 巴巴 西溪 园区	呃 我 要 去 武林 广场
chitchat	怎么 去 阿里巴巴 西溪 园区	我 想 去 西湖	怎么 去 阿里 巴巴 西溪 园区	我 想 去 西湖
chitchat	怎么 去 阿里巴巴 西溪 园区	我 要 你 帮 我 导航 过去	怎么 去 阿里 巴巴 西溪 园区	我 要 你 帮 我 导航 过去
chitchat	怎么 去 阿里巴巴 西溪 园区	到 西湖 怎么 走	怎么 去 阿里 巴巴 西溪 园区	到 西湖 怎么 走
chitchat	不 是 调戏 我 啦 是 调戏 你 啊	不 是 调戏 我 啦 是 调戏 你 啊	不 是 调戏 我 啦 是 调戏 你 啊	不 是 调戏 我 啦 是 调戏 你 啊
chitchat	给 我 来 段 有 美女 的 视频 吧	给 我 来 段 有 美女 的 视频 吧	给 我 来 段 有 美女 美 女 的 视频 吧	给 我 来 段 有 美女 美 女 的 视频 吧
chitchat	你 知道 自己 长成 什么样 吗	你 知道 自己 长成 什么样 吗	你 知道 自己 自 长成 什 么 样 吗	你 知道 自己 自 长成 什 么 样 吗
chitchat	东京 奥运会 什么 时候 举办	东京 奥运会 什么 时候 举办	东京 奥运 会 什么 时候 举办	东京 奥运 会 什么 时候 举办
chitchat	中国 足球 最近 战绩 怎么样	中国 足球 最近 战绩 怎么样	中国 足球 球 最近 战绩 怎么 样	中国 足球 球 最近 战绩 怎么 样
chitchat	你 能 做 的 智能 投资 顾问 吗	你 能 做 的 智能 投资 顾问 吗	你 能 做 的 智能 投资 顾问 吗	你 能 做 的 智能 投资 顾问 吗
chitchat	你 觉得 世界 上 有 外星人 吗	你 觉得 世界 上 有 外星人 吗	你 觉得 世界 上 有 外星 人 吗	你 觉得 世界 上 有 外星 人 吗
chitchat	如何 在 生活 中 过 的 快乐 些	如何 在 生活 中 过 的 快乐 些	如何 在 生活 中 过 的 快乐 些	如何 在 生活 中 过 的 快乐 些
chitchat	你 好 杭州市 有 多少 万 人口 呢	你 好 杭州市 有 多少 万 人口 呢	你 好 杭州 市 有 多少 万 人口 呢	你 好 杭州 市 有 多少 万 人口 呢
chitchat	现在 西湖 边 的 人流 里 有 多少	西湖 旁边 的 人流 现在 怎么样	现在 西湖 边 的 人流 里 有 多少	西湖 旁边 的 人流 现在 怎么 样
chitchat	你 能 回答 最 难 的 问题 是 什么	有 什么 问题 是 你 回答 不 出来 的 吗	你 能 回答 最 难 的 问题 是 什么	有 什么 问题 是 你 回答 不 出来 的 吗
chitchat	你 给 换 一 个 好听 一点 的 声音 吗	我 要 听 孙权版 的	你 给 换 一 个 好听 一点 点 的 声音 声 音 吗	我 要 听 孙 权 版 的
chitchat	你 最 喜欢 听 的 英文 歌 是 哪 一 首	你 最 喜欢 听 的 英文 歌 是 哪 一 首	你 最 喜欢 听 的 英文 歌 是 哪 一 首	你 最 喜欢 听 的 英文 歌 是 哪 一 首
chitchat	今年 奥运会 中国 拿 了 多少 金牌	今年 奥运会 中国 拿 了 多少 金牌	今年 奥运 会 中国 拿 了 多少 金牌	今年 奥运 会 中国 拿 了 多少 金牌
chitchat	地球 和 月球 之间 的 距离 是 多少	地球 和 月球 之间 的 距离 是 多少	地球 和 月球 之间 的 距离 是 多少	地球 和 月球 之间 的 距离 是 多少
chitchat	域名 和 邮箱 分别 是 什么 东西 啊	域名 和 邮箱 分别 是 什么 东西 啊	域名 和 邮箱 分别 是 什么 东西 啊	域名 和 邮箱 分别 是 什么 东西 啊
chitchat	呃对 不 起 你 没有 回答 我 的 问题	呃对 不 起 你 没有 回答 我 的 问题	呃 对 不 起 你 没有 回答 我 的 问题	呃 对 不 起 你 没有 回答 我 的 问题
chitchat	你 好 未来 一 周 的 天气 是 怎么样 的	你 好 未来 一 周 的 天气 是 怎么样 的	你 好 未来 一 周 的 天气 是 怎么 样 的	你 好 未来 一 周 的 天气 是 怎么 样 的
chitchat	我 讲 一 段 很 长 的话 你 能听 明白 吗	我 讲 一 段 很 长 的话 你 能听 明白 吗	我 讲 一 段 很 长 的 话 你 能 听 明白 吗	我 讲 一 段 很 长 的 话 你 能 听 明白 吗
chitchat	不 是 吧 我 觉得 你 应该 是 杭州 的 吧	不 是 吧 我 觉得 你 应该 是 杭州 的 吧	不 是 吧 我 觉得 你 应该 是 杭州 杭 的 吧	不 是 吧 我 觉得 你 应该 是 杭州 杭 的 吧
chitchat	刚刚 跟 你 说话 的 是 男生 还是 女生	刚刚 跟 你 说话 的 是 男生 还是 女生	刚刚 跟 你 说话 说 话 的 是 男生 男 还是 女生 女	刚刚 跟 你 说话 说 话 的 是 男生 男 还是 女生 女
chitchat	但 为什么 你 的 声音 听 上去 这么 娘 啊	但 为什么 你 的 声音 听 上去 这么 娘 啊	但 为 什么 你 的 声音 声 音 听 上去 这么 娘 啊	但 为 什么 你 的 声音 声 音 听 上去 这么 娘 啊
chitchat	中国 男人 的 普遍 呃身 高 标准 是 多少	中国 男人 的 普遍 呃身 高 标准 是 多少	中国 男人 男 人 的 普遍 呃 身 高 标准 标 是 多少	中国 男人 男 人 的 普遍 呃 身 高 标准 标 是 多少
chitchat	求 你 从 ， 呃 请 问 你 通过 了 图灵 测试 吗	求 你 从 ， 呃 请 问 你 通过 了 图灵 测试 吗	求 你 从 ， 呃 请 问 你 通过 了 图灵 测试 测 试 吗	求 你 从 ， 呃 请 问 你 通过 了 图灵 测试 测 试 吗
chitchat	你 觉得 整 个 展厅 里面 最 厉害 的 是 每 一 个	你 觉得 整 个 展厅 里面 最 厉害 的 是 每 一 个	你 觉得 整 个 展厅 里面 里 最 厉害 的 是 每 一 个	你 觉得 整 个 展厅 里面 里 最 厉害 的 是 每 一 个
chitchat	你 觉得 我 会 结婚 吗 ， 我 未来 的 女朋友 叫 什么 名字	你 觉得 我 会 结婚 吗 ， 我 未来 的 女朋友 叫 什么 名字	你 觉得 我 会 结婚 婚 吗 ， 我 未来 的 女 朋友 叫 什么 名字 名	你 觉得 我 会 结婚 婚 吗 ， 我 未来 的 女 朋友 叫 什么 名字 名
yunqi	MaxCompute   是 什么	MaxCompute   是 什么	MaxCompute   是 什么	MaxCompute   是 什么
yunqi	双 00	双 00	双 00	双 00
yunqi	腾讯	腾讯	腾讯	腾讯
yunqi	阿 里 ET	阿 里 ET	阿 里 ET	阿 里 ET
yunqi	你 和 Siri   哪 家 强	你 跟 Siri   哪 个 强	你 和 Siri   哪 家 强	你 跟 Siri   哪 个 强
yunqi	你 和 Siri   哪 家 强	你 和 Siri   谁 谁 牛逼 一点	你 和 Siri   哪 家 强	你 和 Siri   谁 谁 牛逼 一点 点
yunqi	你 和 Siri   哪 家 强	你 认识 Siri   吗	你 和 Siri   哪 家 强	你 认识 Siri   吗
yunqi	你 跟 Siri   有 什么 区别	你 和 Siri   有 什么 区别	你 跟 Siri   有 什么 区别	你 和 Siri   有 什么 区别
yunqi	主 问题	子 问题	主 问题	子 问题
yunqi	云溪小镇	云栖小镇	云 溪 小 镇	云 栖 小 镇
yunqi	什么 是 云 OS	YunOS	什么 是 云 OS	YunOS
yunqi	微信 是 什么	如果 微信	微 信 是 什么	如果 微 信
yunqi	微信 是 什么	支持 微信 ， 支持 微信 分享 吗	微 信 是 什么	支持 微 信 ， 支持 微 信 分享 吗
yunqi	微信 是 什么	微信 支付	微 信 是 什么	微 信 支付
yunqi	微信 是 什么	那 你 知道 微信 吗	微 信 是 什么	那 你 知道 微 信 吗
yunqi	微信 是 什么	你 觉得 微信 怎么样	微 信 是 什么	你 觉得 微 信 怎么 样
yunqi	微信 是 什么	我 可以 用 微信 吗	微 信 是 什么	我 可以 用 微 信 吗
yunqi	微信 是 什么	微信 怎么样	微 信 是 什么	微 信 怎么 样
yunqi	天猫 怎么样	天猫 怎么样	天 猫 怎么 样	天 猫 怎么 样
yunqi	淘宝 是 什么	淘宝 是 什么	淘宝 是 什么	淘宝 是 什么
yunqi	马云 有 多 高	马云 有 多 高	马云 有 多 高	马云 有 多 高
yunqi	你好 阿里云	你 是 阿里云 的 吗	你好 阿里 云	你 是 阿里 云 的 吗
yunqi	你好 阿里云	阿里云 人工 智能 ET 是 你 吗	你好 阿里 云	阿里 云 人工 智能 ET 是 你 吗
yunqi	认识 马云 吗	请 问 你 认识 马云 吗	认识 马云 吗	请 问 你 认识 马云 吗
yunqi	认识 马云 吗	你 真的 不 认识 马云 吗	认识 马云 吗	你 真 的 不 认识 马云 吗
yunqi	认识 马云 吗	那 你 认识 马云 吗	认识 马云 吗	那 你 认识 马云 吗
yunqi	认识 马云 吗	马云 是 谁 啊	认识 马云 吗	马云 是 谁 啊
yunqi	认识 马云 吗	马云 是 谁 呢	认识 马云 吗	马云 是 谁 呢
yunqi	认识 马云 吗	马老师 是 谁	认识 马云 吗	马 老 师 是 谁
yunqi	认识 马云 吗	马 总是 谁	认识 马云 吗	马 总是 谁
yunqi	认识 马云 吗	马云	认识 马云 吗	马云
yunqi	认识 马云 吗	马云 是 谁	认识 马云 吗	马云 是 谁
yunqi	认识 马云 吗	你 认识 马云 吗	认识 马云 吗	你 认识 马云 吗
yunqi	认识 马云 吗	你 知道 马云 是 谁 吗	认识 马云 吗	你 知道 马云 是 谁 吗
yunqi	票 怎么 卖 ？	杭州 云栖 大会 票价 是 多少 ？	票 怎么 卖 ？	杭州 杭 云 栖 大会 票价 是 多少 ？
yunqi	票 怎么 卖 ？	门票 的 价格 ？	票 怎么 卖 ？	门票 票 的 价格 价 ？
yunqi	票 怎么 卖 ？	这 几 种 票 的 区别 是 啥	票 怎么 卖 ？	这 几 种 票 的 区别 是 啥
yunqi	什么 是 大数据	大 数据 是 什么	什么 是 大 数 据	大 数据 是 什么
yunqi	什么 是 大数据	什么 是 大 数据 啊	什么 是 大 数 据	什么 是 大 数据 啊
yunqi	什么 是 大数据	什么 是 大 数据 呢	什么 是 大 数 据	什么 是 大 数据 呢
yunqi	什么 是 大数据	大 数据 能 干 吗	什么 是 大 数 据	大 数据 能 干 吗
yunqi	什么 是 大数据	什么 叫 大数据	什么 是 大 数 据	什么 叫 大 数 据
yunqi	什么 是 大数据	阿里呃 什么 是 大数据	什么 是 大 数 据	阿 里 呃 什么 是 大 数 据
yunqi	什么 是 云计算	云计算 是 什么	什么 是 云 计 算	云 计 算 是 什么
yunqi	什么 是 云计算	呃 什么 是 云计算	什么 是 云 计 算	呃 什么 是 云 计 算
yunqi	什么 是 云计算	什么 是 ， 什么 是 云计算	什么 是 云 计 算	什么 是 ， 什么 是 云 计 算
yunqi	亚马逊 怎么样	亚马逊 怎么样	亚马逊 怎么 样	亚马逊 怎么 样
yunqi	你 认识 孙权 吗	你 认识 孙权 吗	你 认识 孙权 吗	你 认识 孙权 吗
yunqi	我 在 云栖 小镇	我 在 云栖 小镇	我 在 云 栖 小镇 镇	我 在 云 栖 小镇 镇
yunqi	我 现在 在 哪里	我 现在 在 哪里	我 现在 在 哪里	我 现在 在 哪里
yunqi	支付宝 是 什么	支付宝 是 什么	支付宝 支付 是 什么	支付宝 支付 是 什么
yunqi	淘宝 卖 什么 的	淘宝 卖 什么 的	淘宝 卖 什么 的	淘宝 卖 什么 的
yunqi	阿里云 好用 吗	阿里云 好用 吗	阿里 云 好用 吗	阿里 云 好用 吗
yunqi	你 喜欢 马云 吗	你 喜欢 马云 吗	你 喜欢 马云 吗	你 喜欢 马云 吗
yunqi	马云 会 唱歌 吗	马云 会 唱歌 吗	马云 会 唱歌 唱 歌 吗	马云 会 唱歌 唱 歌 吗
yunqi	马云 最 喜欢 谁	马云 最 喜欢 谁	马云 最 喜欢 谁	马云 最 喜欢 谁
yunqi	马云 有 多少 钱	马云 有 多少 钱	马云 有 多少 钱	马云 有 多少 钱
yunqi	马 老师 怎么样	你 觉得 马云 怎么样	马 老师 怎么 样	你 觉得 马云 怎么 样
yunqi	马 老师 怎么样	马云 怎么样	马 老师 怎么 样	马云 怎么 样
yunqi	阿里云 是 什么	能 介绍 下 阿里云 吗	阿里 云 是 什么	能 介绍 下 阿里 云 吗
yunqi	阿里云 是 什么	阿里云 到底 是 什么	阿里 云 是 什么	阿里 云 到底 是 什么
yunqi	阿里云 是 什么	什么 是 阿里云	阿里 云 是 什么	什么 是 阿里 云
yunqi	阿里云 是 什么	阿里云 是 什么 呀	阿里 云 是 什么	阿里 云 是 什么 呀
yunqi	阿里云 是 什么	阿里云 怎么样	阿里 云 是 什么	阿里 云 怎么 样
yunqi	阿里云 是 什么	那 阿里云 是 什么 东西 呢	阿里 云 是 什么	那 阿里 云 是 什么 东西 呢
yunqi	阿里云 是 什么	简介 一下 什么 是 阿里云	阿里 云 是 什么	简介 一下 什么 是 阿里 云
yunqi	阿里云 是 什么	你 知道 阿里云 吗	阿里 云 是 什么	你 知道 阿里 云 吗
yunqi	阿里云 是 什么	阿里云 是 什么 鬼	阿里 云 是 什么	阿里 云 是 什么 鬼
yunqi	你 喜欢 阿里 吗	你 喜欢 阿里巴巴 吗	你 喜欢 阿里 吗	你 喜欢 阿里 巴巴 吗
yunqi	怎样 才 能 获得 VIP 票 ？	VIP 票 有 哪些 渠道 获得 ？	怎样 才 能 获得 VIP 票 ？	VIP 票 有 哪些 渠道 获得 ？
yunqi	大会 现场 提供 WiFi 吗 ？	怎么 连 WiFi ？	大会 现场 提供 WiFi 吗 ？	怎么 连 WiFi ？
yunqi	大会 现场 提供 WiFi 吗 ？	WiFi 名称 密码 是 什么 ？	大会 现场 提供 WiFi 吗 ？	WiFi 名称 密码 码 是 什么 ？
yunqi	哪里 可以 买票 ？	怎么 买票 ？	哪里 可以 买票 ？	怎么 买票 ？
yunqi	哪里 可以 买票 ？	在 哪里 买票 ？	哪里 可以 买票 ？	在 哪里 买票 ？
yunqi	那 风 清扬 是 谁 啊	风 清扬 是 谁	那 风 清扬 是 谁 啊	风 清扬 是 谁
yunqi	什么 是 云栖 大会	什么 是 云栖 大会	什么 是 云 栖 大会	什么 是 云 栖 大会
yunqi	什么 是 云栖 大会	云栖 大会	什么 是 云 栖 大会	云 栖 大会
yunqi	什么 是 云栖 大会	云栖 大会 云	什么 是 云 栖 大会	云 栖 大会 云
yunqi	什么 是 云栖 大会	嗯 ， 你 能 告诉 我 什么 是 云栖 大会 吗	什么 是 云 栖 大会	嗯 ， 你 能 告诉 我 什么 是 云 栖 大会 吗
yunqi	什么 是 云栖 大会	云栖 大会 是 什么	什么 是 云 栖 大会	云 栖 大会 是 什么
yunqi	什么 是 云栖 大会	云溪 大会	什么 是 云 栖 大会	云溪 大会
yunqi	飞天 ， 什么 意思	什么 是 飞天 净化	飞天 ， 什么 意思	什么 是 飞天 净化 净
yunqi	飞天 ， 什么 意思	飞天 计划 是 什么 意思 啊	飞天 ， 什么 意思	飞天 计划 是 什么 意思 啊
yunqi	飞天 ， 什么 意思	什么 是 飞天 计划	飞天 ， 什么 意思	什么 是 飞天 计划
yunqi	飞天 ， 什么 意思	什么 是 飞天 进化	飞天 ， 什么 意思	什么 是 飞天 进化
yunqi	智能 客服 是 什么	智能 客服 是 什么	智能 客服 是 什么	智能 客服 是 什么
yunqi	神马 搜索 是 什么	神马 搜索 是 什么	神马 搜索 搜 索 是 什么	神马 搜索 搜 索 是 什么
yunqi	阿里云 人工 智能	阿里云 人工 智能	阿里 云 人工 智能	阿里 云 人工 智能
yunqi	停车场 在 哪里 ？	停车场 怎么 走 ？	停车 场 停 车场 在 哪里 ？	停车 场 停 车场 怎么 走 ？
yunqi	但是 马云 比 你 帅	但是 马云 比 你 帅	但是 马云 比 你 帅	但是 马云 比 你 帅
yunqi	我 想 听 马云 说话	我 想 听 马云 说话	我 想 听 马云 说话 说 话	我 想 听 马云 说话 说 话
yunqi	马 总 今天 会 来 吗	马 总 今天 会 来 吗	马 总 今天 会 来 吗	马 总 今天 会 来 吗
yunqi	什么 是 人工 智能	什么 叫 人工 智能 啊	什么 是 人工 智能	什么 叫 人工 智能 啊
yunqi	什么 是 人工 智能	什么 是 人工 智能 啊	什么 是 人工 智能	什么 是 人工 智能 啊
yunqi	什么 是 人工 智能	什么 是 人工智 呢	什么 是 人工 智能	什么 是 人 工 智 呢
yunqi	什么 是 人工 智能	人工 智能 是 什么	什么 是 人工 智能	人工 智能 是 什么
yunqi	什么 是 人工 智能	好 了 ， 刚刚 我 ， 什么 是 人工 智能 呢	什么 是 人工 智能	好 了 ， 刚刚 我 ， 什么 是 人工 智能 呢
yunqi	什么 是 人工 智能	什么 是 人工 智能 呢	什么 是 人工 智能	什么 是 人工 智能 呢
yunqi	就餐 地点 在 哪里	现场 是否 有 食堂 ？	就餐 地点 在 哪里	现场 是否 有 食堂 ？
yunqi	就餐 地点 在 哪里	用餐 地点 怎么 走 ？	就餐 地点 在 哪里	用餐 地点 怎么 走 ？
yunqi	杭州 大脑 是 什么	什么 是 杭州 城市 大脑	杭州 杭 大脑 脑 是 什么	什么 是 杭州 杭 城市 大脑 脑
yunqi	杭州 大脑 是 什么	什么 是 杭州 大脑	杭州 杭 大脑 脑 是 什么	什么 是 杭州 杭 大脑 脑
yunqi	杭州 大脑 是 什么	杭州市 的 大脑 是 什么	杭州 杭 大脑 脑 是 什么	杭州 市 的 大脑 脑 是 什么
yunqi	杭州 大脑 是 什么	什么 是 杭州 大脑 吗	杭州 杭 大脑 脑 是 什么	什么 是 杭州 杭 大脑 脑 吗
yunqi	杭州 大脑 是 什么	杭州 大脑 是 什么 呀	杭州 杭 大脑 脑 是 什么	杭州 杭 大脑 脑 是 什么 呀
yunqi	杭州 大脑 是 什么	杭州 大脑 是 什么 呢	杭州 杭 大脑 脑 是 什么	杭州 杭 大脑 脑 是 什么 呢
yunqi	杭州 大脑 是 什么	城市 大脑 是 啥	杭州 杭 大脑 脑 是 什么	城市 大脑 脑 是 啥
yunqi	杭州 大脑 是 什么	杭州 大脑 ， 是 什么	杭州 杭 大脑 脑 是 什么	杭州 杭 大脑 脑 ， 是 什么
yunqi	杭州 大脑 是 什么	杭州 城市 大脑	杭州 杭 大脑 脑 是 什么	杭州 杭 城市 大脑 脑
yunqi	杭州 大脑 是 什么	杭州 大脑	杭州 杭 大脑 脑 是 什么	杭州 杭 大脑 脑
yunqi	杭州 大脑 是 什么	晕 哦 ， 杭州 大脑 是 什么	杭州 杭 大脑 脑 是 什么	晕 哦 ， 杭州 杭 大脑 脑 是 什么
yunqi	杭州 大脑 是 什么	能 不 能 简单 介绍 一下 杭州 城市 大脑	杭州 杭 大脑 脑 是 什么	能 不 能 简单 简 介绍 一下 杭州 杭 城市 大脑 脑
yunqi	杭州 大脑 是 什么	城市 大脑	杭州 杭 大脑 脑 是 什么	城市 大脑 脑
yunqi	杭州 大脑 是 什么	城市 数据 大脑	杭州 杭 大脑 脑 是 什么	城市 数据 大脑 脑
yunqi	如何 预定 用餐 ？	大会 餐品 怎么 预定 ？	如何 预定 预 定 用餐 ？	大会 餐 品 怎么 预定 预 定 ？
yunqi	阿里巴巴 怎么样	你 觉得 阿里巴巴 怎么样	阿里 巴巴 怎么 样	你 觉得 阿里 巴巴 怎么 样
yunqi	阿里巴巴 怎么样	你 怎么 看 阿里巴巴	阿里 巴巴 怎么 样	你 怎么 看 阿里 巴巴
yunqi	阿里巴巴 怎么样	阿里巴巴 怎么样	阿里 巴巴 怎么 样	阿里 巴巴 怎么 样
yunqi	阿里巴巴 怎么样	问 一下 ， 哦 阿里巴巴 是 一 家 什么样 的 公司	阿里 巴巴 怎么 样	问 一下 ， 哦 阿里 巴巴 是 一 家 什 么 样 的 公司
yunqi	阿里巴巴 怎么样		阿里 巴巴 怎么 样	
yunqi	宋云溪 小镇 出发	我 想 去 云溪 小镇 怎么 去	宋 云 溪 小镇 镇 出发	我 想 去 云溪 小镇 镇 怎么 去
yunqi	宋云溪 小镇 出发	凤云溪 小镇 出发 到 牢狱房 怎么 走	宋 云 溪 小镇 镇 出发	凤 云 溪 小镇 镇 出发 到 牢 狱 房 怎么 走
yunqi	怎么 报名 参会 ？	怎么 报名 参加 云栖 大会 ？	怎么 报名 参 会 ？	怎么 报名 参加 云 栖 大会 ？
yunqi	怎么 报名 参会 ？	报名 链接 是 多少 ？	怎么 报名 参 会 ？	报名 链接 链 是 多少 ？
yunqi	怎么 报名 参会 ？	怎么 参会 ？	怎么 报名 参 会 ？	怎么 参 会 ？
yunqi	现场 取餐 怎么 取   ？	现场 在 哪里 取餐 ？	现场 取 餐 怎么 取   ？	现场 在 哪里 取 餐 ？
yunqi	好 吧 ， 睡觉 吧 ， Siri  	好 吧 ， 睡觉 吧 ， Siri  	好 吧 ， 睡觉 睡 吧 ， Siri  	好 吧 ， 睡觉 睡 吧 ， Siri  
yunqi	你 知道 蚂蚁 金服 吗	蚂蚁金服 是 什么	你 知道 蚂蚁 蚁 金 服 吗	蚂 蚁 金 服 是 什么
yunqi	你 知道 蚂蚁 金服 吗	蚂蚁金服	你 知道 蚂蚁 蚁 金 服 吗	蚂 蚁 金 服
yunqi	全市 大 数据 是 什么	大 数据 是 什么 ？	全市 大 数据 是 什么	大 数据 是 什么 ？
yunqi	你 觉得 马云 好看 吗	一 既然 马云帅 吗	你 觉得 马云 好看 好 吗	一 既然 马 云 帅 吗
yunqi	有 什么 优惠 措施 ？	是否 有 优惠 措施 ？	有 什么 优惠 惠 措施 ？	是否 有 优惠 惠 措施 ？
yunqi	有 什么 优惠 措施 ？	是否 有 什么 优惠 ？	有 什么 优惠 惠 措施 ？	是否 有 什么 优惠 惠 ？
yunqi	云栖 大会 现场 照片	云栖 大会 现场 照片	云 栖 大会 现场 照片	云 栖 大会 现场 照片
yunqi	阿里 和 京东 哪个 好	阿里 和 京东 哪个 好	阿里 和 京东 哪个 好	阿里 和 京东 哪个 好
yunqi	阿里 爸爸 是 在 哪儿	阿里巴巴 在 哪里 ？	阿里 爸爸 爸 是 在 哪儿	阿里 巴巴 在 哪里 ？
yunqi	马云 来自 哪 个 星球	马云 来自 哪 个 星球	马云 来自 哪 个 星球 星 球	马云 来自 哪 个 星球 星 球
yunqi	马云 最 喜欢 干 什么	马云 最 喜欢 干 什么	马云 最 喜欢 干 什么	马云 最 喜欢 干 什么
yunqi	上午 马云 有 讲话 吗	上午 马云 有 讲话 吗	上午 马云 有 讲话 吗	上午 马云 有 讲话 吗
yunqi	现场 可以 报名 吗 ？	现场 报名 可以 参会 吗 ？	现场 可以 报名 吗 ？	现场 报名 可以 参 会 吗 ？
yunqi	现场 可以 报名 吗 ？	直接 在 现场 报名 可以 参会 吗 ？	现场 可以 报名 吗 ？	直接 在 现场 报名 可以 参 会 吗 ？
yunqi	参加 大会 管饭 吗 ？	参会 时 吃饭 怎么 解决 ？	参加 大会 管 饭 吗 ？	参 会 时 吃饭 吃 饭 怎么 解决 ？
yunqi	如何 领取 入 园证 ？  	进 会场 时 需要 凭证 吗 ？	如何 领取 入 园 证 ？  	进 会场 时 需要 凭证 吗 ？
yunqi	如何 领取 入 园证 ？  	入 园 需要 哪些 凭证 ？	如何 领取 入 园 证 ？  	入 园 需要 哪些 凭证 ？
yunqi	马云 爸爸 现在 在 哪里	马云 来 了 吗	马云 爸爸 爸 现在 在 哪里	马云 来 了 吗
yunqi	马云 爸爸 现在 在 哪里	这 个 马云 现在 在 哪里	马云 爸爸 爸 现在 在 哪里	这 个 马云 现在 在 哪里
yunqi	马云 爸爸 现在 在 哪里	马云 明天 回去 哪里	马云 爸爸 爸 现在 在 哪里	马云 明天 回去 哪里
yunqi	马云 爸爸 现在 在 哪里	马云 去 哪儿 了	马云 爸爸 爸 现在 在 哪里	马云 去 哪儿 了
yunqi	你 知道 微软 的 小冰 吗	认识 小冰 吗	你 知道 微软 的 小 冰 吗	认识 小 冰 吗
yunqi	怎么 去 云栖主 会场 ？	去 现场 怎么 坐车 ？	怎么 去 云 栖 主 会场 ？	去 现场 怎么 坐 车 ？
yunqi	怎么 去 云栖主 会场 ？	自驾 怎么 走 ？	怎么 去 云 栖 主 会场 ？	自驾 怎么 走 ？
yunqi	马云 跟 你 是 什么 关系	你 跟 马云 什么 关系	马云 跟 你 是 什么 关系	你 跟 马云 什么 关系
yunqi	马云 跟 你 是 什么 关系	马云 和 你 什么 关系 啊	马云 跟 你 是 什么 关系	马云 和 你 什么 关系 啊
yunqi	你好 阿里 的 爸爸 是 谁	阿里 的 爸爸 是 谁 ？	你好 阿里 的 爸爸 爸 是 谁	阿里 的 爸爸 爸 是 谁 ？
yunqi	用 马云 的 声音 说话 吧	呃用 马总 的 声音 说话	用 马云 的 声音 声 音 说话 说 话 吧	呃 用 马总 的 声音 声 音 说话 说 话
yunqi	用 马云 的 声音 说话 吧	你 说 的 是 马总 的 声音 吗	用 马云 的 声音 声 音 说话 说 话 吧	你 说 的 是 马总 的 声音 声 音 吗
yunqi	用 马云 的 声音 说话 吧	你 会 学马 云 大大 讲话 吗	用 马云 的 声音 声 音 说话 说 话 吧	你 会 学 马 云 大大 大 讲话 吗
yunqi	用 马云 的 声音 说话 吧	你 可以 学马 云 大大 讲话 吗	用 马云 的 声音 声 音 说话 说 话 吧	你 可以 学 马 云 大大 大 讲话 吗
yunqi	用 马云 的 声音 说话 吧	美女 好 你 你 能否 用马 总 的 声音 ， 说 两 句 啊	用 马云 的 声音 声 音 说话 说 话 吧	美女 美 女 好 你 你 能否 用 马 总 的 声音 声 音 ， 说 两 句 啊
yunqi	用 马云 的 声音 说话 吧	你 能够 学马云 跟 我 对话 吗 我 想 跟 马云 爸爸 说话	用 马云 的 声音 声 音 说话 说 话 吧	你 能够 学 马 云 跟 我 对话 吗 我 想 跟 马云 爸爸 爸 说话 说 话
yunqi	用 马云 的 声音 说话 吧	你 能 用 马云 的 声音 来 说话 吗	用 马云 的 声音 声 音 说话 说 话 吧	你 能 用 马云 的 声音 声 音 来 说话 说 话 吗
yunqi	用 马云 的 声音 说话 吧	你 可以 用 马云 的 声音 来 说话 吗	用 马云 的 声音 声 音 说话 说 话 吧	你 可以 用 马云 的 声音 声 音 来 说话 说 话 吗
yunqi	用 马云 的 声音 说话 吧	你 可以 用 马云 的 方式 讲话 吗	用 马云 的 声音 声 音 说话 说 话 吧	你 可以 用 马云 的 方式 讲话 吗
yunqi	用 马云 的 声音 说话 吧	用 马云 声音 来 唱歌	用 马云 的 声音 声 音 说话 说 话 吧	用 马云 声音 声 音 来 唱歌 唱 歌
yunqi	用 马云 的 声音 说话 吧	马云 声音	用 马云 的 声音 声 音 说话 说 话 吧	马云 声音 声 音
yunqi	用 马云 的 声音 说话 吧	我 想 听 马云 唱歌	用 马云 的 声音 声 音 说话 说 话 吧	我 想 听 马云 唱歌 唱 歌
yunqi	用 马云 的 声音 说话 吧	马云 的 声音	用 马云 的 声音 声 音 说话 说 话 吧	马云 的 声音 声 音
yunqi	用 马云 的 声音 说话 吧	用 马云 的 声音 说话	用 马云 的 声音 声 音 说话 说 话 吧	用 马云 的 声音 声 音 说话 说 话
yunqi	用 马云 的 声音 说话 吧	听 马云 唱歌	用 马云 的 声音 声 音 说话 说 话 吧	听 马云 唱歌 唱 歌
yunqi	用 马云 的 声音 说话 吧	马云 唱歌	用 马云 的 声音 声 音 说话 说 话 吧	马云 唱歌 唱 歌
yunqi	为了 无法 计算 的 价值	为了 无法 计算 的 价值	为了 无法 计算 的 价值	为了 无法 计算 的 价值
yunqi	呃 我 找找 附近 的 酒店	呃 我 找找 附近 的 酒店	呃 我 找 找 附近 的 酒店 店	呃 我 找 找 附近 的 酒店 店
yunqi	数据 大脑 有 多 牛逼 呀	数据 大脑 有 多 牛逼 呀	数据 大脑 脑 有 多 牛逼 呀	数据 大脑 脑 有 多 牛逼 呀
yunqi	百度 贴吧 是 什么 东西	百度 贴吧 是 什么 东西	百度 贴吧 是 什么 东西	百度 贴吧 是 什么 东西
yunqi	马云 是 不 是 你 老板 呀	马云 是 不 是 你 老板 呀	马云 是 不 是 你 老板 呀	马云 是 不 是 你 老板 呀
yunqi	你 跟马 总 谁 更 有 钱 呢	你 跟马 总 谁 更 有 钱 呢	你 跟 马 总 谁 更 有 钱 呢	你 跟 马 总 谁 更 有 钱 呢
yunqi	餐饮 怎么 开 发票 呀 ？	用餐 在 哪里 开发票 ？	餐饮 餐 怎么 开 发票 票 呀 ？	用餐 在 哪里 开 发 票 ？
yunqi	是否 可以 线下 付款 ？	除了 线上 付款 ， 是否 有 线下 付款 方式 ？	是否 可以 线 下 付款 ？	除了 线 上 付款 ， 是否 有 线 下 付款 方式 ？
yunqi	可以 有 人 来接 我 吗 ？	我 不 认识 会场 ， 能 给 我 个 联系人 来 接我 吗 ？	可以 有 人 来 接 我 吗 ？	我 不 认识 会场 ， 能 给 我 个 联系 人 来 接 我 吗 ？
yunqi	可以 有 人 来接 我 吗 ？	可以 安排 人 来 接我 吗 ？	可以 有 人 来 接 我 吗 ？	可以 安排 人 来 接 我 吗 ？
yunqi	报名 有 名额 限制 吗 ？	报名 会 有 名额 限制 吗 ？ 如果 有 ， 名额 满 了 怎么 办 ？	报名 有 名额 限制 限 吗 ？	报名 会 有 名额 限制 限 吗 ？ 如果 有 ， 名额 满 了 怎么 办 ？
yunqi	报名 有 名额 限制 吗 ？	没有 成功 报名 怎么 办 ？	报名 有 名额 限制 限 吗 ？	没有 成功 报名 怎么 办 ？
yunqi	报名 有 名额 限制 吗 ？	没 啥 通知 我 报名 失败 ？	报名 有 名额 限制 限 吗 ？	没 啥 通知 我 报名 失败 ？
yunqi	是否 可以 团体 购票 ？  	团体 购票 是否 有 优惠 ？	是否 可以 团体 购票 ？  	团体 购票 是否 有 优惠 惠 ？
yunqi	这 几 种票 有 哪些 区别 ？	VIP 的 具体 权益 有 哪些 ？	这 几 种 票 有 哪些 区别 ？	VIP 的 具体 权益 有 哪些 ？
yunqi	这 几 种票 有 哪些 区别 ？	普通 报名 和 VIP 报名 有 什么 不 一样 ？	这 几 种 票 有 哪些 区别 ？	普通 普 报名 和 VIP 报名 有 什么 不 一样 ？
yunqi	大会 周边 有 什么 酒店 ？	哪些 酒店 比较 推荐 ？	大会 周边 有 什么 酒店 店 ？	哪些 酒店 店 比较 推荐 荐 ？
yunqi	云栖 大会 什么 时候 举办	云栖 大会 什么 时候 召开	云 栖 大会 什么 时候 举办	云 栖 大会 什么 时候 召开
yunqi	云栖 大会 什么 时候 举办	呃云栖 大会 什么 时候 召开	云 栖 大会 什么 时候 举办	呃 云 栖 大会 什么 时候 召开
yunqi	云栖 大会 什么 时候 举办	与 云栖 大会 什么 时候 召开	云 栖 大会 什么 时候 举办	与 云 栖 大会 什么 时候 召开
yunqi	云栖 大会 什么 时候 举办	云栖 大会 什么 时候 举行 啊	云 栖 大会 什么 时候 举办	云 栖 大会 什么 时候 举行 啊
yunqi	云栖 大会 什么 时候 举办	呃云栖 大会 什么 时候 召开 啊	云 栖 大会 什么 时候 举办	呃 云 栖 大会 什么 时候 召开 啊
yunqi	云栖 大会 什么 时候 举办	云栖 大会 的 召开 时间	云 栖 大会 什么 时候 举办	云 栖 大会 的 召开 时间
yunqi	云栖 大会 什么 时候 举办	云栖 大会 在 什么 时候 召开 啊	云 栖 大会 什么 时候 举办	云 栖 大会 在 什么 时候 召开 啊
yunqi	云栖 大会 什么 时候 举办	这 个 云系 科技展 还有 几 天	云 栖 大会 什么 时候 举办	这 个 云系 科 技 展 还有 几 天
yunqi	云栖 大会 什么 时候 举办	今年 的 云栖 大会 是 什么 时间 啊	云 栖 大会 什么 时候 举办	今年 的 云 栖 大会 是 什么 时间 啊
yunqi	云栖 大会 什么 时候 举办	云栖 大会 什么 时候 结束	云 栖 大会 什么 时候 举办	云 栖 大会 什么 时候 结束
yunqi	云栖 大会 有 多少 人 参加	云栖 大会 有 多少 人 参加	云 栖 大会 有 多少 人 参加	云 栖 大会 有 多少 人 参加
yunqi	云溪 大会 有 几 个 分会场	云溪 大会 有 几 个 分会场	云溪 大会 有 几 个 分 会场	云溪 大会 有 几 个 分 会场
yunqi	你 好 杭州 有 什么 好吃 的	你 好 杭州 有 什么 好吃 的	你 好 杭州 杭 有 什么 好吃 吃 的	你 好 杭州 杭 有 什么 好吃 吃 的
yunqi	你 跟科 大讯 飞谁 更 优秀	你 跟科 大讯 飞谁 更 优秀	你 跟 科 大 讯 飞 谁 更 优秀	你 跟 科 大 讯 飞 谁 更 优秀
yunqi	支付宝 的 功能 是 有 哪些	支付宝 的 功能 是 有 哪些	支付宝 支付 的 功能 是 有 哪些	支付宝 支付 的 功能 是 有 哪些
yunqi	智慧 庭审 是 什么 意思 啊	呃 智慧 庭审 是 干嘛 用 呢	智慧 庭审 是 什么 意思 啊	呃 智慧 庭审 是 干 嘛 用 呢
yunqi	阿里 可以 做 些 什么 事情	阿里 可以 做 些 什么 事情	阿里 可以 做 些 什么 事情	阿里 可以 做 些 什么 事情
yunqi	你 觉得 马云 是 外星人 吗	你 觉得 马云 是 外星人 吗	你 觉得 马云 是 外星 人 吗	你 觉得 马云 是 外星 人 吗
yunqi	入场 必须 要 身份证 吗 ？	入场 为啥 需要 身份证 ？	入场 必须 要 身份 证 吗 ？	入场 为 啥 需要 身份 证 ？
yunqi	报名 成功 会 有 通知 吗 ？	怎么 知道 是否 报名 成功 ？	报名 成功 会 有 通知 吗 ？	怎么 知道 是否 报名 成功 ？
yunqi	报名 成功 会 有 通知 吗 ？	报名 成功 后 会 有 人 与 我 联系 吗 ？	报名 成功 会 有 通知 吗 ？	报名 成功 后 会 有 人 与 我 联系 吗 ？
yunqi	我 中午 可以 去 哪里 吃饭	我 ， 今天 在 这里 可以 吃 什么	我 中午 可以 去 哪里 吃饭 吃 饭	我 ， 今天 在 这里 可以 吃 什么
yunqi	我 中午 可以 去 哪里 吃饭	如果 说 是 中午 吃 什么 饭	我 中午 可以 去 哪里 吃饭 吃 饭	如果 说 是 中午 吃 什么 饭
yunqi	我 中午 可以 去 哪里 吃饭	中午 吃 什么 好 呀	我 中午 可以 去 哪里 吃饭 吃 饭	中午 吃 什么 好 呀
yunqi	我 中午 可以 去 哪里 吃饭	中午 有 什么 好吃 的	我 中午 可以 去 哪里 吃饭 吃 饭	中午 有 什么 好吃 吃 的
yunqi	我 中午 可以 去 哪里 吃饭	那 咱们 中午 去 吃 什么 呀	我 中午 可以 去 哪里 吃饭 吃 饭	那 咱们 中午 去 吃 什么 呀
yunqi	蚂蚁金服 什么 时候 上市	蚂蚁金服 什么 时候 来 香港 上市	蚂 蚁 金 服 什么 时候 上市	蚂 蚁 金 服 什么 时候 来 香港 上市
yunqi	蚂蚁金服 什么 时候 上市	呃 我 蚂蚁 金服 能否 和 中粮 集团 合作	蚂 蚁 金 服 什么 时候 上市	呃 我 蚂蚁 蚁 金 服 能否 和 中粮 集团 合作
yunqi	门票 费用 怎么 开 发票 ？	门票 费用 如果 要 开发票 怎么 做 ？	门票 票 费用 怎么 开 发票 票 ？	门票 票 费用 如果 要 开 发 票 怎么 做 ？
yunqi	大会 是否 有 团队 通道 ？  	是否 会 提供 团队 通道 ？	大会 是否 有 团队 通道 通 道 ？  	是否 会 提供 团队 通道 通 道 ？
yunqi	大会 是否 有 团队 通道 ？  	有 没有 团队 入场 通道 ？	大会 是否 有 团队 通道 通 道 ？  	有 没有 团队 入场 通道 通 道 ？
yunqi	是否 能 提供 大会 邀请函 / 参会 证明 ？	如何 获取 大会 邀请函 / 参会 证明 ？	是否 能 提供 大会 邀请 函 / 参 会 证明 ？	如何 获取 大会 邀请 函 / 参 会 证明 ？
yunqi	是否 能 提供 大会 邀请函 / 参会 证明 ？	大会 官方 邀请函 如何 申领 ？	是否 能 提供 大会 邀请 函 / 参 会 证明 ？	大会 官方 官 邀请 函 如何 申领 ？
yunqi	为什么 你 用 的 是 神马 搜索	神马 搜索	为 什么 你 用 的 是 神马 搜索 搜 索	神马 搜索 搜 索
yunqi	你 觉得 今天 晚上 吃 什么 好	你 今天 晚上 想 吃 什么	你 觉得 今天 晚上 晚 吃 什么 好	你 今天 晚上 晚 想 吃 什么
yunqi	大会 周边 是否 有 停车场 ？	大会 是否 提供 停车场 ？	大会 周边 是否 有 停车 场 停 车场 ？	大会 是否 提供 停车 场 停 车场 ？
yunqi	大会 周边 是否 有 停车场 ？	自驾 可以 停在 哪些 地方 ？	大会 周边 是否 有 停车 场 停 车场 ？	自驾 可以 停 在 哪些 地方 ？
yunqi	阿里巴巴 现在 的 股票 价格	阿里巴巴 股票 价格 是 多少	阿里 巴巴 现在 的 股票 股 价格 价	阿里 巴巴 股票 股 价格 价 是 多少
yunqi	阿里巴巴 现在 的 股票 价格	阿里 股价 下 多少 钱	阿里 巴巴 现在 的 股票 股 价格 价	阿里 股价 股 下 多少 钱
yunqi	阿里巴巴 现在 的 股票 价格	阿里巴巴 股价 走势	阿里 巴巴 现在 的 股票 股 价格 价	阿里 巴巴 股价 股 走势
yunqi	阿里巴巴 现在 的 股票 价格	阿里 股价 ， 星期五 晚上 美国 收盘 多少 钱 一 种	阿里 巴巴 现在 的 股票 股 价格 价	阿里 股价 股 ， 星期 五 晚上 晚 美国 收盘 多少 钱 一 种
yunqi	酒店 是否 提供 协议 价格 ？	大会 是否 提供 协议 酒店 ？	酒店 店 是否 提供 协议 价格 价 ？	大会 是否 提供 协议 酒店 店 ？
yunqi	酒店 是否 提供 协议 价格 ？	合作 酒店 是否 有 优惠 ？	酒店 店 是否 提供 协议 价格 价 ？	合作 酒店 店 是否 有 优惠 惠 ？
yunqi	云栖 大会 多久 举办 一 次 啊	云栖 大会 多久 举办 一 次 啊	云 栖 大会 多久 举办 一 次 啊	云 栖 大会 多久 举办 一 次 啊
yunqi	人 人工 智能 啊 有 的 不错 了	人 人工 智能 啊 有 的 不错 了	人 人工 智能 啊 有 的 不错 了	人 人工 智能 啊 有 的 不错 了
yunqi	你好 我 是 阿里云 人工 智能	你好 我 是 阿里云 人工 智能	你好 我 是 阿里 云 人工 智能	你好 我 是 阿里 云 人工 智能
yunqi	昨天 马云 老板 唱 什么 歌呀	昨天 马云 老板 唱 什么 歌呀	昨天 马云 老板 唱 什么 歌 呀	昨天 马云 老板 唱 什么 歌 呀
yunqi	杭州 有 哪些 好玩 的 地方 呀	杭州 有 哪些 好玩 的 地方 呀	杭州 杭 有 哪些 好玩 的 地方 呀	杭州 杭 有 哪些 好玩 的 地方 呀
yunqi	阿里 云计算 平台 是 什么 呀	阿里 云计算 平台 是 什么 呀	阿里 云 计 算 平台 平 是 什么 呀	阿里 云 计 算 平台 平 是 什么 呀
yunqi	阿里巴巴 什么 时候 上市 的	阿里巴巴 股票 在 哪里 上市 啊	阿里 巴巴 什么 时候 上市 的	阿里 巴巴 股票 股 在 哪里 上市 啊
yunqi	云栖 大会 在 哪些 地方 举办	你 知道 云溪 大会 在 哪里 召开 吗	云 栖 大会 在 哪些 地方 举办	你 知道 云溪 大会 在 哪里 召开 吗
yunqi	云栖 大会 在 哪些 地方 举办	云栖 大会 在 哪里 举行	云 栖 大会 在 哪些 地方 举办	云 栖 大会 在 哪里 举行
yunqi	云栖 大会 在 哪些 地方 举办	云栖 大会 在 哪召 开	云 栖 大会 在 哪些 地方 举办	云 栖 大会 在 哪 召 开
yunqi	云栖 大会 在 哪些 地方 举办	你 知道 云栖 大会 在 哪里 召开 吗	云 栖 大会 在 哪些 地方 举办	你 知道 云 栖 大会 在 哪里 召开 吗
yunqi	云栖 大会 在 哪些 地方 举办	云栖 大会 在 哪里 召开	云 栖 大会 在 哪些 地方 举办	云 栖 大会 在 哪里 召开
yunqi	云栖 大会 在 哪些 地方 举办	呃云栖 大会 在 哪里 举行	云 栖 大会 在 哪些 地方 举办	呃 云 栖 大会 在 哪里 举行
yunqi	云栖 大会 在 哪些 地方 举办	云栖 大会 ， 在 哪里	云 栖 大会 在 哪些 地方 举办	云 栖 大会 ， 在 哪里
yunqi	云栖 大会 在 哪些 地方 举办	云栖 大会 在 什么 地方 召开	云 栖 大会 在 哪些 地方 举办	云 栖 大会 在 什么 地方 召开
yunqi	云栖 大会 在 哪些 地方 举办	云栖 大会 的 举办 地点	云 栖 大会 在 哪些 地方 举办	云 栖 大会 的 举办 地点
yunqi	云栖 大会 在 哪些 地方 举办	你 知道 杭州 云栖 大会 在 哪里 召开 吗	云 栖 大会 在 哪些 地方 举办	你 知道 杭州 杭 云 栖 大会 在 哪里 召开 吗
yunqi	外籍 人士 要 带 哪些 东西 ？	外籍 人士 需要 提供 哪些 凭证 ？	外籍 人士 要 带 哪些 东西 ？	外籍 人士 需要 提供 哪些 凭证 ？
yunqi	外籍 人士 要 带 哪些 东西 ？	外籍 人士 入场 有 特别 需要 注意 的 吗 ？	外籍 人士 要 带 哪些 东西 ？	外籍 人士 入场 有 特别 特 别 需要 注意 的 吗 ？
yunqi	是否 可以 退票 或 换人 参会 ？	是否 能 退票 ？	是否 可以 退票 或 换人 参 会 ？	是否 能 退票 ？
yunqi	是否 可以 退票 或 换人 参会 ？	可以 换 人参 会么 ？	是否 可以 退票 或 换人 参 会 ？	可以 换 人参 参 会 么 ？
yunqi	是否 可以 退票 或 换人 参会 ？	购票 后 还 可以 换 人么 ？	是否 可以 退票 或 换人 参 会 ？	购票 后 还 可以 换 人 么 ？
yunqi	大会 什么 时候 在 哪里 召开 ？	大会 召开 的 时间 ？	大会 什么 时候 在 哪里 召开 ？	大会 召开 的 时间 ？
yunqi	大会 什么 时候 在 哪里 召开 ？	大会 地址 在 哪里 ？	大会 什么 时候 在 哪里 召开 ？	大会 地址 在 哪里 ？
yunqi	大会 都 会 有 什么 嘉宾 参加 ？	有 哪些 嘉宾 会 参加 大会 ？	大会 都 会 有 什么 嘉宾 参加 ？	有 哪些 嘉宾 会 参加 大会 ？
yunqi	收 不 到 大会 验证 码 怎么 办 ？	没 收到 大会 验证 码 怎么 办 ？	收 不 到 大会 验证 验 证 码 怎么 办 ？	没 收到 大会 验证 验 证 码 怎么 办 ？
yunqi	收 不 到 大会 验证 码 怎么 办 ？	为什么 我 没有 收到 大会 验证 码 ？	收 不 到 大会 验证 验 证 码 怎么 办 ？	为 什么 我 没有 收到 大会 验证 验 证 码 ？
yunqi	你 和 拍拍 机器人 有 什么 不同	你 和 拍拍 机器人 有 什么 不同	你 和 拍拍 机器 人 有 什么 不同	你 和 拍拍 机器 人 有 什么 不同
yunqi	阿里巴巴 集团 是 干 什么 的 呀	阿里巴巴 集团 是 干 什么 的 呀	阿里 巴巴 集团 是 干 什么 的 呀	阿里 巴巴 集团 是 干 什么 的 呀
yunqi	开发者 之 夜 都 有 什么 内容 ？	开发者 之 夜 有 什么 好玩 的 ？	开发 者 之 夜 都 有 什么 内容 ？	开发 者 之 夜 有 什么 好玩 的 ？
yunqi	呃 麻烦 你 说 马云 再 出来 一下	呃 麻烦 你 说 马云 再 出来 一下	呃 麻烦 你 说 马云 再 出来 一下	呃 麻烦 你 说 马云 再 出来 一下
yunqi	预订 餐品 是否 可以 变更 呢 ？	预订 菜品 是否 可以 变更 呢 ？	预订 预 订 餐 品 是否 可以 变更 呢 ？	预订 预 订 菜 品 是否 可以 变更 呢 ？
yunqi	阿里云 能 提供 什么样 的 服务	阿里云 产品 能 给 我们 带来 什么	阿里 云 能 提供 什 么 样 的 服务	阿里 云 产品 能 给 我们 带来 什么
yunqi	阿里云 能 提供 什么样 的 服务	阿里云 产品 能 带给 我们 什么	阿里 云 能 提供 什 么 样 的 服务	阿里 云 产品 能 带给 我们 什么
yunqi	阿里云 能 提供 什么样 的 服务	阿里云 有 很多 产品 能 介绍 一下 阿里云 的 产品 吗	阿里 云 能 提供 什 么 样 的 服务	阿里 云 有 很 多 产品 能 介绍 一下 阿里 云 的 产品 吗
yunqi	那 京东 是 一 家 什么样 的 公司 呢	京东	那 京东 是 一 家 什 么 样 的 公司 呢	京东
yunqi	那 京东 是 一 家 什么样 的 公司 呢	京东 和 阿里 哪 个 好	那 京东 是 一 家 什 么 样 的 公司 呢	京东 和 阿里 哪 个 好
yunqi	那 京东 是 一 家 什么样 的 公司 呢	京东 是 一 家 什么样 的 公司	那 京东 是 一 家 什 么 样 的 公司 呢	京东 是 一 家 什 么 样 的 公司
yunqi	附近 有 什么 餐馆 可以 推荐 的 吗	附近 有 肯德基 吗	附近 有 什么 餐馆 可以 推荐 荐 的 吗	附近 有 肯德基 吗
yunqi	附近 有 什么 餐馆 可以 推荐 的 吗	最近 的 咖啡店 在 哪儿	附近 有 什么 餐馆 可以 推荐 荐 的 吗	最近 的 咖啡 店 在 哪儿
yunqi	附近 有 什么 餐馆 可以 推荐 的 吗	附近 有 什么 好吃 的 吗	附近 有 什么 餐馆 可以 推荐 荐 的 吗	附近 有 什么 好吃 吃 的 吗
yunqi	附近 有 什么 餐馆 可以 推荐 的 吗	附近 有 什么 好吃 的	附近 有 什么 餐馆 可以 推荐 荐 的 吗	附近 有 什么 好吃 吃 的
yunqi	附近 有 什么 餐馆 可以 推荐 的 吗	这 附近 哪里 吃午饭 的 地方	附近 有 什么 餐馆 可以 推荐 荐 的 吗	这 附近 哪里 吃 午 饭 的 地方
yunqi	附近 有 什么 餐馆 可以 推荐 的 吗	这 附近 哪里 有 好吃 的	附近 有 什么 餐馆 可以 推荐 荐 的 吗	这 附近 哪里 有 好吃 吃 的
yunqi	附近 有 什么 餐馆 可以 推荐 的 吗	附近 有 什么 好吃	附近 有 什么 餐馆 可以 推荐 荐 的 吗	附近 有 什么 好吃 吃
yunqi	附近 有 什么 餐馆 可以 推荐 的 吗	孙附近 的 餐馆	附近 有 什么 餐馆 可以 推荐 荐 的 吗	孙 附 近 的 餐馆
yunqi	你 觉得 这 个 ， 云栖 大会 怎么样	云栖 大会 怎么样	你 觉得 这 个 ， 云 栖 大会 怎么 样	云 栖 大会 怎么 样
yunqi	来 大会 需要 带 什么 可以 参会 ？	入场 需要 带 什么 ？	来 大会 需要 带 什么 可以 参 会 ？	入场 需要 带 什么 ？
yunqi	来 大会 需要 带 什么 可以 参会 ？	入场 要 哪些 凭证 ？	来 大会 需要 带 什么 可以 参 会 ？	入场 要 哪些 凭证 ？
yunqi	阿里巴巴 是 一 家 什么样 的 公司	你 知道 阿里巴巴 是 谁 吗	阿里 巴巴 是 一 家 什 么 样 的 公司	你 知道 阿里 巴巴 是 谁 吗
yunqi	阿里巴巴 是 一 家 什么样 的 公司	阿里巴巴	阿里 巴巴 是 一 家 什 么 样 的 公司	阿里 巴巴
yunqi	阿里巴巴 是 一 家 什么样 的 公司	阿里巴巴 是 什么	阿里 巴巴 是 一 家 什 么 样 的 公司	阿里 巴巴 是 什么
yunqi	阿里巴巴 是 一 家 什么样 的 公司	什么 是 阿里巴巴	阿里 巴巴 是 一 家 什 么 样 的 公司	什么 是 阿里 巴巴
yunqi	阿里巴巴 是 一 家 什么样 的 公司	阿里巴巴 ， 是 啥	阿里 巴巴 是 一 家 什 么 样 的 公司	阿里 巴巴 ， 是 啥
yunqi	阿里巴巴 是 一 家 什么样 的 公司	阿里巴巴 是 一 家 什么样 的 公司 啊	阿里 巴巴 是 一 家 什 么 样 的 公司	阿里 巴巴 是 一 家 什 么 样 的 公司 啊
yunqi	阿里巴巴 是 一 家 什么样 的 公司	阿里巴巴 是 什么样 的 一 家 公司 啊	阿里 巴巴 是 一 家 什 么 样 的 公司	阿里 巴巴 是 什 么 样 的 一 家 公司 啊
yunqi	可以 带 多少 个 随从 一起 参会 ？	我 可以 带 随从 参会 吗 ？	可以 带 多少 个 随从 一起 参 会 ？	我 可以 带 随从 参 会 吗 ？
yunqi	门票 是 会议 这 几 天 通用 的 么 ？	门票 有 进出 次数 限制 吗 ？	门票 票 是 会议 这 几 天 通用 的 么 ？	门票 票 有 进出 次数 限制 限 吗 ？
yunqi	门票 是 会议 这 几 天 通用 的 么 ？	门票 是 00 月 00 - 00 日 0 天 都 有效 吗 ？	门票 票 是 会议 这 几 天 通用 的 么 ？	门票 票 是 00 月 00 - 00 日 0 天 都 有效 吗 ？
yunqi	一 跟 科大 讯飞 ， 语音 识别 引擎	一 跟 科大 讯飞 ， 语音 识别 引擎	一 跟 科大 讯 飞 ， 语音 音 识别 引擎	一 跟 科大 讯 飞 ， 语音 音 识别 引擎
yunqi	是 吗 就 这 是 一 个 伟大 的 大会 啊	云栖 大会 是 一 个 伟大 的 会 吗 ？	是 吗 就 这 是 一 个 伟大 的 大会 啊	云 栖 大会 是 一 个 伟大 的 会 吗 ？
yunqi	我 怎么 听说 你 的 爸爸 是 马云 啊	我 怎么 听说 你 的 爸爸 是 马云 啊	我 怎么 听说 你 的 爸爸 爸 是 马云 啊	我 怎么 听说 你 的 爸爸 爸 是 马云 啊
yunqi	停车场 距离 会场 位置 有 多远 ？  	停车场 离 会 场远 吗 ？	停车 场 停 车场 距离 会场 位置 有 多 远 ？  	停车 场 停 车场 离 会 场 远 吗 ？
yunqi	停车场 距离 会场 位置 有 多远 ？  	停车场 离会 场 还 需要 走 很多 路 吗 ？	停车 场 停 车场 距离 会场 位置 有 多 远 ？  	停车 场 停 车场 离 会 场 还 需要 走 很 多 路 吗 ？
yunqi	证件 必须 本人 使用 自己 的 吗 ？  	入场 证件 是否 可以 给 其他 人 使用 ？	证件 证 必须 本人 使用 自己 自 的 吗 ？  	入场 证件 证 是否 可以 给 其他 人 使用 ？
yunqi	证件 必须 本人 使用 自己 的 吗 ？  	是否 必须 本人 入场 ？	证件 证 必须 本人 使用 自己 自 的 吗 ？  	是否 必须 本人 入场 ？
yunqi	阿里巴巴 和 阿里 妈妈 是 什么 关系	阿里 妈妈 是 干 什么 的 ？	阿里 巴巴 和 阿里 妈妈 妈 是 什么 关系	阿里 妈妈 妈 是 干 什么 的 ？
yunqi	阿里巴巴 和 阿里 妈妈 是 什么 关系	阿里 妈妈 是 什么 鬼 ？	阿里 巴巴 和 阿里 妈妈 妈 是 什么 关系	阿里 妈妈 妈 是 什么 鬼 ？
yunqi	主会场 是 只要 报名 就 可以 参加 吗 ？	我 可以 进入 主会 场 吗 ？	主 会场 是 只要 只 报名 就 可以 参加 吗 ？	我 可以 进入 主 会 场 吗 ？
yunqi	主会场 是 只要 报名 就 可以 参加 吗 ？	怎么样 才 能 进入 主会场 ？	主 会场 是 只要 只 报名 就 可以 参加 吗 ？	怎么 样 才 能 进入 主 会场 ？
yunqi	今天 的 云栖 大会 有 什么 会议 的 安排	今天 是 大会 有 什么 活动 吗	今天 的 云 栖 大会 有 什么 会议 的 安排	今天 是 大会 有 什么 活动 吗
yunqi	今天 的 云栖 大会 有 什么 会议 的 安排	会议 行程 安排	今天 的 云 栖 大会 有 什么 会议 的 安排	会议 行程 安排
yunqi	大会 内容 是否 提供 影音 视频 资料 ？	大会 的 材料 能够 共享 吗 ？	大会 内容 是否 提供 影音 音 视频 资料 ？	大会 的 材料 材 料 能够 共享 吗 ？
yunqi	为什么 没有 收到 报名 成功 二维码 ？	没有 收到 二维码 怎么 办 ？	为 什么 没有 收到 报名 成功 二维 码 ？	没有 收到 二维 码 怎么 办 ？
yunqi	停车场 与 会场 之间 是否 有 接驳车 ？	停车场 到 会场 有 接送车 吗 ？	停车 场 停 车场 与 会场 之间 是否 有 接 驳 车 ？	停车 场 停 车场 到 会场 有 接送 车 吗 ？
yunqi	人工 智能 的话 对 我们 有 什么 帮助 啊	人工 智能 的话 对 我们 有 什么 帮助 啊	人工 智能 的 话 对 我们 有 什么 帮助 啊	人工 智能 的 话 对 我们 有 什么 帮助 啊
yunqi	如何 成为 大会 分 论坛 中 的 案例 客户 ？	我 能 报名 作为 嘉宾 参加 论坛 吗 ？	如何 成为 大会 分 论坛 中 的 案例 客户 ？	我 能 报名 作为 嘉宾 参加 论坛 吗 ？
yunqi	参加 大会 咱们 这 有 打折 的 机票 提供 吗 ？	组委会 是否 提供 打折 机票 呀 ？	参加 大会 咱们 这 有 打折 打 折 的 机票 票 提供 吗 ？	组委会 是否 提供 打折 打 折 机票 票 呀 ？
yunqi	在 云溪 音乐节 的 时候 马云 创造 那 两 首 歌	在 云溪 音乐节 的 时候 马云 创造 那 两 首 歌	在 云溪 音乐 节 的 时候 马云 创造 那 两 首 歌	在 云溪 音乐 节 的 时候 马云 创造 那 两 首 歌
yunqi	从 去年 北京 的 云栖 大会 到 现在 与 成长 的 多少	从 去年 北京 的 云栖 大会 到 现在 与 成长 的 多少	从 去年 北京 京 的 云 栖 大会 到 现在 与 成长 的 多少	从 去年 北京 京 的 云 栖 大会 到 现在 与 成长 的 多少
yunqi	能 不 能 讲 一下 杭州 城市 大脑 背后 的 技术 原理	能 不 能 讲 一下 杭州 城市 大脑 背后 的 技术 原理	能 不 能 讲 一下 杭州 杭 城市 大脑 脑 背后 背 后 的 技术 原理	能 不 能 讲 一下 杭州 杭 城市 大脑 脑 背后 背 后 的 技术 原理
yunqi	报名 为什么 一定 要 官网 报名 ， 并 提交 身份证 ？  	是否 还 有 其他 报名 方式 ？	报名 为 什么 一定 定 要 官网 官 网 报名 ， 并 提交 身份 证 ？  	是否 还 有 其他 报名 方式 ？
yunqi	报名 为什么 一定 要 官网 报名 ， 并 提交 身份证 ？  	一定 要 提交 身份证 吗 ？	报名 为 什么 一定 定 要 官网 官 网 报名 ， 并 提交 身份 证 ？  	一定 定 要 提交 身份 证 吗 ？
yunqi	机场 、 火车站 以及 酒店 周边 是否 提供 接驳 大巴 ？	大会 是否 会 提供 班车 ？	机场 、 火车 站 车 车站 以及 酒店 店 周边 是否 提供 接 驳 大巴 ？	大会 是否 会 提供 班车 ？
yunqi	有 人 说 ， 大 数据 的 到来 是 一 场 安全 的 灾难 你 怎么 看	有 人 说 ， 大 数据 的 到来 是 一 场 安全 的 灾难 你 怎么 看	有 人 说 ， 大 数据 的 到来 是 一 场 安全 的 灾难 你 怎么 看	有 人 说 ， 大 数据 的 到来 是 一 场 安全 的 灾难 你 怎么 看
yunqi	大会 具体 都 有 什么 内容 ？ 主 论坛 内容 ？ 分 论坛 内容 ？	大会 有 啥 内容 ？	大会 具体 都 有 什么 内容 ？ 主 论坛 内容 ？ 分 论坛 内容 ？	大会 有 啥 内容 ？
yunqi	大会 具体 都 有 什么 内容 ？ 主 论坛 内容 ？ 分 论坛 内容 ？	分会 场 具体 的 时间 和 主题 内容 都 有 什么 ？	大会 具体 都 有 什么 内容 ？ 主 论坛 内容 ？ 分 论坛 内容 ？	分会 场 具体 的 时间 和 主题 内容 都 有 什么 ？
yunqi	云栖 夜跑 活动 付费 成功 后 ， 什么 时候 能够 收到 大 会 门票 ？	云栖 夜跑 会 拿到 什么 凭证 ？	云 栖 夜 跑 活动 付费 成功 后 ， 什么 时候 能够 收到 大 会 门票 票 ？	云 栖 夜 跑 会 拿 到 什么 凭证 ？
yunqi	云栖 夜跑 已经 线上 报名 ， 请问 什么 时候 知道 是否 报名 成功 ？	云栖 夜跑 报名 结果 哪里 看 ？	云 栖 夜 跑 已经 线 上 报名 ， 请问 什么 时候 知道 是否 报名 成功 ？	云 栖 夜 跑 报名 结果 哪里 看 ？
yunqi	本人 已经 报名 ， 如 有 随行 人员 是否 需要 单独 报名 ？ 或者 直接 前往 现场 报名 签到 即 可 ？	随行 人员 需要 报名 吗 ？	本人 已经 报名 ， 如 有 随行 人员 是否 需要 单独 单 报名 ？ 或者 直接 前往 现场 报名 签到 即 可 ？	随行 人员 需要 报名 吗 ？
